-15.0,0.0033109726945772552
-14.985,0.003436455981393693
-14.97,0.0035468871851991974
-14.955,0.0036415440748376105
-14.94,0.003719828358074016
-14.925,0.003781270486740044
-14.91,0.0038255334174196647
-14.895,0.003852415297143409
-14.88,0.0038618510522912524
-14.865,0.0038539128678131782
-14.85,0.0038288095528905292
-14.835,0.003786884798206562
-14.82,0.0037286143389979156
-14.805,0.0036546020469470273
-14.79,0.003565574982676322
-14.775,0.0034623774490480526
-14.76,0.003345964093589703
-14.745,0.0032173921160891265
-14.73,0.003077812644671436
-14.715,0.0029284613504243595
-14.7,0.002770648376823871
-14.685,0.0026057476657769018
-14.67,0.0024351857669994647
-14.655,0.002260430221645122
-14.64,0.0020829776145560018
-14.625,0.0019043413922007917
-14.61,0.0017260395452664533
-14.595,0.0015495822559696334
-14.58,0.0013764596104394896
-14.565,0.0012081294759951956
-14.55,0.0010460056418003408
-14.535,0.0008914463192372761
-14.52,0.0007457430954217056
-14.505,0.0006101104295955775
-14.49,0.0004856757777267114
-14.475,0.0003734704255393529
-14.46,0.00027442110444470756
-14.445,0.00018934245848006894
-14.43,0.00011893042345190316
-14.415,6.375657206704485e-5
-14.4,2.426347098912447e-5
-14.385,7.610875362254253e-7
-14.37,-6.575724791119566e-6
-14.355,2.291358473046572e-6
-14.34,2.7263828292780155e-5
-14.325,6.810715088361898e-5
-14.31,0.00012445268311419202
-14.295,0.00019580067899331106
-14.28,0.0002815243628160178
-14.265,0.00038087503587669807
-14.25,0.0004929881752609286
-14.235,0.0006168904751678742
-14.22,0.0007515077735585598
-14.205,0.000895673799732619
-14.19,0.0010481396717668021
-14.175,0.0012075840666572204
-14.16,0.0013726239805416439
-14.145,0.001541825991584159
-14.13,0.0017137179340213817
-14.115,0.0018868008885280787
-14.1,0.0020595613914904803
-14.085,0.0022304837639966
-14.07,0.0023980624603800816
-14.055,0.00256081433599419
-14.04,0.00271729073454913
-14.025,0.0028660892968101503
-14.01,0.003005865394717622
-13.995,0.0031353430980319403
-13.98,0.0032533255844038786
-13.965,0.003358704908291115
-13.95,0.0034504710493495883
-13.935,0.003527720166781416
-13.92,0.003589661992570296
-13.905,0.003635626303530333
-13.89,0.003665068419576833
-13.875,0.003677573683537389
-13.86,0.0036728608860944426
-13.845,0.0036507846080192892
-13.83,0.0036113364606519824
-13.815,0.0035546452145313544
-13.8,0.003480975815110695
-13.785,0.0033907272935348024
-13.77,0.0032844295894297647
-13.755,0.003162739311494029
-13.74,0.003026434470307961
-13.725,0.0028764082261275533
-13.71,0.002713661702429104
-13.695,0.002539295923560554
-13.68,0.0023545029419703156
-13.665,0.0021605562270666976
-13.65,0.0019588003937594405
-13.635,0.0017506403540979688
-13.62,0.0015375299801075703
-13.605,0.001320960369894297
-13.59,0.0011024478123126298
-13.575,0.0008835215479379306
-13.56,0.0006657114257400713
-13.545,0.0004505355557015487
-13.53,0.00023948805765665145
-13.515,3.402700584517626e-5
-13.5,-0.00016443733291493046
-13.485,-0.00035455387191710093
-13.47,-0.0005350415957611889
-13.455,-0.0007046998816079682
-13.44,-0.0008624181666773139
-13.425,-0.0010071848834857546
-13.41,-0.001138095590266973
-13.395,-0.0012543602305571757
-13.38,-0.0013553094630016
-13.365,-0.0014404000099914214
-13.35,-0.0015092189817106463
-13.335,-0.0015614871404963974
-13.32,-0.001597061079023771
-13.305,-0.001615934294650211
-13.29,-0.0016182371512214677
-13.275,-0.0016042357286785772
-13.26,-0.0015743295698404302
-13.245,-0.0015290483426951295
-13.23,-0.0014690474453430613
-13.215,-0.0013951025893240475
-13.2,-0.0013081034053597429
-13.185,-0.001209046123484049
-13.17,-0.0010990253870530626
-13.155,-0.0009792252671624374
-13.14,-0.0008509095504948048
-13.125,-0.0007154113795225708
-13.11,-0.0005741223292525283
-13.095,-0.00042848100927536507
-13.08,-0.00027996128373973354
-13.065,-0.000130060204974413
-13.05,1.9714241192545684e-5
-13.035,0.00016785547883826275
-13.02,0.000312870673773606
-13.005,0.0004532929535900689
-12.99,0.0005876934166276548
-12.975,0.000714692832280541
-12.96,0.0008329729375655804
-12.945,0.0009412872381578334
-12.93,0.0010384712261227386
-12.915,0.0011234519313136789
-12.9,0.0011952567288158722
-12.885,0.001253021330861545
-12.87,0.001295996898265933
-12.855,0.0013235562135865888
-12.84,0.001335198865830158
-12.825,0.0013305554045607787
-12.81,0.0013093904296361198
-12.795,0.0012716045914435764
-12.78,0.0012172354853597538
-12.765,0.0011464574331389898
-12.75,0.0010595801529788228
-12.735,0.0009570463290382599
-12.72,0.0008394281001247511
-12.705,0.0007074224960462134
-12.69,0.0005618458586731058
-12.675,0.00040362729300319017
-12.66,0.00023380120140154142
-12.645,5.349896163664496e-5
-12.63,-0.00013606018371182147
-12.615,-0.0003335789524907103
-12.6,-0.0005376924830682107
-12.585,-0.0007469793443405581
-12.57,-0.000959973006237375
-12.555,-0.0011751736775711956
-12.54,-0.0013910604150931974
-12.525,-0.0016061034054127622
-12.51,-0.0018187763200345154
-12.495,-0.0020275686431719484
-12.48,-0.0022309978722176295
-12.465,-0.0024276214917842206
-12.45,-0.00261604862406888
-12.435,-0.0027949512609237188
-12.42,-0.002963074986411541
-12.405,-0.003119249102764844
-12.39,-0.003262396077512663
-12.375,-0.0033915402350530905
-12.36,-0.003505815622086618
-12.345,-0.003604472983036612
-12.33,-0.003686885788811966
-12.315,-0.0037525552699569586
-12.3,-0.0038011144133205783
-12.285,-0.003832330889796711
-12.27,-0.0038461088893694513
-12.255,-0.003842489848573767
-12.24,-0.0038216520644783936
-12.225,-0.0037839091983427127
-12.21,-0.0037297076811183016
-12.195,-0.0036596230418861103
-12.18,-0.0035743551890692316
-12.165,-0.0034747226827673886
-12.15,-0.003361656044754578
-12.135,-0.0032361901604979885
-12.12,-0.0030994558349316972
-12.105,-0.0029526705705925334
-12.09,-0.0027971286430418002
-12.075,-0.0026341905542049456
-12.06,-0.0024652719493133404
-12.045,-0.0022918320874897834
-12.03,-0.00211536195964482
-12.015,-0.0019373721502147058
-12.0,-0.0017593805413528949
-11.985,-0.0015828999594662365
-11.97,-0.0014094258644542924
-11.955,-0.0012404241816629641
-11.94,-0.0010773193754047476
-11.925,-0.0009214828609333282
-11.91,-0.0007742218490116953
-11.895,-0.0006367687136980585
-11.88,-0.0005102709697223984
-11.865,-0.0003957819408747736
-11.85,-0.00029425219521251185
-11.835,-0.00020652181666324477
-11.82,-0.00013331357580655408
-11.805,-7.522705531171e-5
-11.79,-3.273377775358937e-5
-11.775,-6.173375385656953e-6
-11.76,4.249167015843998e-6
-11.745,-1.534826160284486e-6
-11.73,-2.3457168637592615e-5
-11.715,-6.131337298298274e-5
-11.7,-0.00011476432023401844
-11.685,-0.00018333902485692994
-11.67,-0.0002664384725713852
-11.655,-0.0003633404998621237
-11.64,-0.00047320567553543296
-11.625,-0.0005950841365375607
-11.61,-0.0007279233225000968
-11.595,-0.0008705765461760329
-11.58,-0.0010218123301396604
-11.565,-0.0011803244338978334
-11.55,-0.001344742489951917
-11.535,-0.001513643162401922
-11.52,-0.001685561737438918
-11.505,-0.0018590040515636796
-11.49,-0.0020324586606248374
-11.475,-0.002204409150813002
-11.46,-0.0023733464915944432
-11.445,-0.0025377813302257845
-11.43,-0.0026962561279658074
-11.415,-0.0028473570393856957
-11.4,-0.0029897254382654746
-11.385,-0.0031220689964349814
-11.37,-0.0032431722255482666
-11.355,-0.003351906396143462
-11.34,-0.0034472387533974673
-11.325,-0.003528240954697623
-11.31,-0.0035940966604740268
-11.295,-0.0036441082166134
-11.28,-0.003677702374154573
-11.265,-0.0036944349997859198
-11.25,-0.003693994738862271
-11.235,-0.0036762056011677533
-11.22,-0.003641028448401246
-11.205,-0.003588561371282507
-11.19,-0.0035190389531965832
-11.175,-0.0034328304263386233
-11.16,-0.0033304367353174085
-11.145,-0.003212486532050832
-11.13,-0.0030797311344671367
-11.115,-0.002933038489943164
-11.1,-0.002773386192495095
-11.085,-0.0026018536104234994
-11.07,-0.0024196131883400932
-11.055,-0.002227920994210557
-11.04,-0.0020281065881794197
-11.025,-0.0018215622954530757
-11.01,-0.0016097319703568778
-10.995,-0.0013940993428161234
-10.98,-0.0011761760419014937
-10.965,-0.0009574893937032795
-10.95,-0.0007395700926317225
-10.935,-0.0005239398462677605
-10.92,-0.00031209909410407895
-10.905,-0.0001055148999153232
-10.89,9.439088391438134e-5
-10.875,0.00028625308398792787
-10.86,0.00046877421228685756
-10.845,0.0006407349219769643
-10.83,0.0008010038277187172
-10.815,0.000948546610735956
-10.8,0.0010824343347074457
-10.785,0.001201850904956005
-10.77,0.00130609961036962
-10.755,0.0013946086949408808
-10.74,0.0014669359136934034
-10.725,0.0015227720360145094
-10.71,0.0015619432679642765
-10.695,0.001584412573912545
-10.68,0.0015902798867968185
-10.665,0.00157978120532235
-10.65,0.0015532865854673615
-10.635,0.0015112970426385893
-10.62,0.001454440389671565
-10.605,0.0013834660445145213
-10.59,0.0012992388498046603
-10.575,0.001202731954572273
-10.56,0.0010950188159269134
-10.545,0.0009772643857284876
-10.53,0.0008507155538671981
-10.515,0.0007166909258144826
-10.5,0.0005765700175156797
-10.485,0.00043178195542805677
-10.47,0.0002837937735276509
-10.455,0.00013409840238236032
-10.44,-1.579755210941834e-5
-10.425,-0.00016438614100755002
-10.41,-0.0003101704154365355
-10.395,-0.00045167668021225136
-10.38,-0.0005874665584187737
-10.365,-0.0007161487689007018
-10.35,-0.0008363905209682029
-10.335,-0.000946928433722321
-10.32,-0.0010465788912691375
-10.305,-0.0011342477496741417
-10.29,-0.0012089393167745226
-10.275,-0.0012697645318736918
-10.26,-0.0013159482788422793
-10.245,-0.0013468357731895267
-10.23,-0.0013618979711916132
-10.215,-0.001360735957107746
-10.2,-0.0013430842728162692
-10.185,-0.0013088131627944394
-10.17,-0.001257929716176488
-10.155,-0.0011905778965844382
-10.14,-0.001107037459461051
-10.125,-0.0010077217656718244
-10.11,-0.0008931745091092665
-10.095,-0.00076406538485443
-10.08,-0.0006211847330575034
-10.065,-0.0004654372020199569
-10.05,-0.0002978344819281645
-10.035,-0.00011948716823821048
-10.02,6.84041792177161e-5
-10.005,0.0002645587087999557
-9.99,0.00046762560275712025
-9.975,0.0006761949721952222
-9.96,0.0008888092328422155
-9.945,0.0011039748692236568
-9.93,0.0013201744917093982
-9.915,0.001535879088512741
-9.9,0.0017495603731384885
-9.885,0.0019597031270013185
-9.87,0.00216481743697426
-9.855,0.0023634507284808265
-9.84,0.002554199496404464
-9.825,0.002735720638543057
-9.81,0.0029067422995654834
-9.795,0.0030660741374022036
-9.78,0.0032126169286935905
-9.765,0.003345371435288668
-9.75,0.003463446459788851
-9.735,0.003566066024718526
-9.72,0.0036525756170234583
-9.705,0.0037224474471896614
-9.69,0.0037752846802797785
-9.675,0.0038108246045351207
-9.66,0.0038289407118214294
-9.645,0.0038296436730354574
-9.63,0.0038130812005657435
-9.615,0.003779536798941176
-9.6,0.0037294274138321886
-9.585,0.0036632999985180274
-9.57,0.003581827025726715
-9.555,0.003485800981321249
-9.54,0.003376127884575451
-9.525,0.00325381988769017
-9.51,0.0031199870146793873
-9.495,0.002975828106746708
-9.48,0.0028226210477179286
-9.465,0.0026617123489432785
-9.45,0.002494506178286067
-9.435,0.002322452922329018
-9.42,0.002147037374721634
-9.405,0.0019697666466282145
-9.39,0.0017921578974927673
-9.375,0.0016157259857965455
-9.36,0.0014419711401333424
-9.345,0.0012723667507617293
-9.33,0.0011083473808145363
-9.315,0.000951297094561237
-9.3,0.0008025381975420279
-9.285,0.000663320480046938
-9.27,0.0005348110513235953
-9.255,0.00041808484709787187
-9.24,0.0003141158875217923
-9.225,0.00022376935656672202
-9.21,0.00014779456720588014
-9.195,8.681886953472673e-5
-9.18,4.134255131715621e-5
-9.165,1.1734772383009029e-5
-9.15,-1.7694340962485063e-6
-9.135,9.289309058847713e-7
-9.12,1.9792031516692176e-5
-9.105,5.464550944595798e-5
-9.09,0.00010517990716367922
-9.075,0.0001709531902105569
-9.06,0.00025139434814902203
-9.045,0.00034580804489983945
-9.03,0.00045338028068406434
-9.015,0.0005731850195724225
-9.0,0.0007041917287993004
-8.985,0.0008452737685915172
-8.97,0.0009952175643527094
-8.955,0.00115273248668815
-8.94,0.00131646135900397
-8.925,0.0014849915073169779
-8.91,0.0016568662625054645
-8.895,0.00183059682155576
-8.88,0.002004674371442801
-8.865,0.0021775823771487605
-8.85,0.0023478089339896203
-8.835,0.002513859083897518
-8.82,0.0026742669955981497
-8.805,0.002827607909727921
-8.79,0.002972509751844782
-8.775,0.003107664318983555
-8.76,0.0032318379488707307
-8.745,0.0033438815851151984
-8.73,0.0034427401565983663
-8.715,0.003527461194856914
-8.7,0.0035972026194412768
-8.685,0.0036512396279914506
-8.67,0.003688970635043666
-8.655,0.0037099222113085393
-8.64,0.003713752983280595
-8.625,0.0037002564614838406
-8.61,0.003669362774360947
-8.595,0.003621139293702817
-8.58,0.0035557901465193193
-8.565,0.003473654617297459
-8.55,0.0033752044536064043
-8.535,0.00326104009691687
-8.52,0.0031318858692331707
-8.505,0.0029885841546174793
-8.49,0.0028320886228507852
-8.475,0.0026634565502556494
-8.46,0.0024838403000391977
-8.445,0.002294478031342162
-8.43,0.00209668371244522
-8.415,0.001891836519235184
-8.4,0.0016813697050279785
-8.385,0.0014667590321386242
-8.37,0.0012495108591487531
-8.355,0.0010311499806181696
-8.34,0.0008132073179979215
-8.325,0.000597207561711202
-8.31,0.0003846568647637056
-8.295,0.00017703068782719733
-8.28,-2.4238105490980542e-5
-8.265,-0.00021777080651279817
-8.25,-0.00040225397862666184
-8.235,-0.0005764500434148739
-8.22,-0.0007392072498041936
-8.205,-0.0008894689452835455
-8.19,-0.0010262820739029555
-8.175,-0.0011488048320494966
-8.16,-0.001256313419837463
-8.145,-0.0013482078332968156
-8.13,-0.0014240166503365606
-8.115,-0.0014834007716331874
-8.1,-0.001526156086084325
-8.085,-0.001552215039204045
-8.07,-0.001561647091748022
-8.055,-0.0015546580648720765
-8.04,-0.0015315883771727583
-8.025,-0.001492910187960436
-8.01,-0.0014392234700004304
-7.995,-0.0013712510436542477
-7.98,-0.001289832612789823
-7.965,-0.0011959178509388933
-7.95,-0.0010905585938947738
-7.935,-0.0009749002022025481
-7.92,-0.000850172163737107
-7.905,-0.0007176780127373367
-7.89,-0.000578784647217797
-7.875,-0.0004349111315660919
-7.86,-0.00028751707531627735
-7.845,-0.00013809068253182324
-7.83,1.1863431093134637e-5
-7.815,0.00016083655441815925
-7.8,0.00030732823024780996
-7.785,0.0004498585375815861
-7.77,0.0005869802069196453
-7.755,0.0007172904701773153
-7.74,0.0008394425489177882
-7.725,0.0009521566875502125
-7.71,0.0010542306418367753
-7.695,0.00114454953747759
-7.68,0.0012220950186587348
-7.665,0.0012859536122174116
-7.65,0.0013353242394495523
-7.635,0.001369524814509607
-7.62,0.0013879978757722078
-7.605,0.0013903152043811418
-7.59,0.0013761813924384858
-7.575,0.0013454363318196
-7.56,0.0012980566033676275
-7.545,0.0012341557551542152
-7.53,0.0011539834675175602
-7.515,0.0010579236116323898
-7.5,0.0009464912173547558
-7.485,0.0008203283749450419
-7.47,0.000680199103933316
-7.455,0.0005269832307817573
-7.44,0.00036166932505059116
-7.425,0.00018534675142283164
-7.41,-8.030978748165943e-7
-7.395,-0.000195516319059352
-7.38,-0.00039745668391150607
-7.365,-0.0006052264153010167
-7.35,-0.0008173774636093028
-7.335,-0.0010324231924726153
-7.32,-0.001248850378943626
-7.305,-0.0014651314306143093
-7.29,-0.0016797367204810078
-7.275,-0.0018911469393752772
-7.26,-0.002097865365641098
-7.245,-0.002298429952411174
-7.23,-0.002491425134316287
-7.215,-0.0026754932577403826
-7.2,-0.0028493455417916824
-7.185,-0.0030117724809723746
-7.17,-0.0031616536050635296
-7.155,-0.0032979665169639476
-7.14,-0.00341979513508585
-7.125,-0.0035263370733722163
-7.11,-0.003616910099005192
-7.095,-0.0036909576153668624
-7.08,-0.0037480531257315475
-7.065,-0.0037879036414482253
-7.05,-0.0038103520069453045
-7.035,-0.0038153781226888494
-7.02,-0.0038030990561769558
-7.005,-0.0037737680400855155
-6.99,-0.003727772365720152
-6.975,-0.003665630188902449
-6.96,-0.0035879862742528067
-6.945,-0.0034956067124555183
-6.93,-0.0033893726534339583
-6.915,-0.0032702731063576
-6.9,-0.0031393968649821254
-6.885,-0.002997923623929071
-6.87,-0.002847114358082931
-6.855,-0.0026883010432691354
-6.84,-0.0025228758017268463
-6.825,-0.0023522795605627894
-6.81,-0.002177990315327506
-6.795,-0.0020015110940633783
-6.78,-0.0018243577196057118
-6.765,-0.0016480464695569398
-6.75,-0.0014740817341847648
-6.735,-0.001303943772510913
-6.72,-0.0011390766660596726
-6.705,-0.0009808765681287455
-6.69,-0.0008306803440438685
-6.675,-0.0006897546946821495
-6.66,-0.000559285851622853
-6.645,-0.0004403699276398891
-6.63,-0.0003340040009268109
-6.615,-0.00024107800548355896
-6.6,-0.00016236749354555491
-6.585,-9.852732885079428e-5
-6.57,-5.0086361978892825e-5
-6.555,-1.7443131017675864e-5
-6.54,-8.62622483253877e-7
-6.525,-4.7411880622717495e-7
-6.51,-1.6270149869628282e-5
-6.495,-4.81065571149957e-5
-6.48,-9.570366969476536e-5
-6.465,-0.00015864858311502575
-6.45,-0.00023639852185627404
-6.435,-0.0003282852586538323
-6.42,-0.0004335205545352466
-6.405,-0.0005512025754197625
-6.39,-0.0006803232331513335
-6.375,-0.0008197763913265189
-6.36,-0.0009683668692534401
-6.345,-0.001124820170893395
-6.33,-0.0012877928597475104
-6.315,-0.0014558834954026482
-6.3,-0.0016276440428878098
-6.285,-0.0018015916621510226
-6.27,-0.001976220781878457
-6.255,-0.0021500153595667044
-6.24,-0.0023214612282463068
-6.225,-0.002489058429549737
-6.21,-0.0026513334329274635
-6.195,-0.0028068511417405355
-6.18,-0.0029542265886882482
-6.165,-0.003092136225553076
-6.15,-0.0032193287155399073
-6.135,-0.003334635140526677
-6.12,-0.0034369785402957923
-6.105,-0.003525382706242152
-6.09,-0.003598980158108763
-6.075,-0.003657019238937345
-6.06,-0.0036988702705837966
-6.045,-0.0037240307197792108
-6.03,-0.0037321293327544016
-6.015,-0.0037229292048241228
-6.0,-0.0036963297599784434
-5.985,-0.003652367624382581
-5.97,-0.003591216386671317
-5.955,-0.0035131852469665347
-5.94,-0.003418716565573291
-5.925,-0.0033083823312477618
-5.91,-0.003182879577706591
-5.895,-0.0030430247855905077
-5.88,-0.002889747315336349
-5.865,-0.0027240819242832434
-5.85,-0.002547160428777639
-5.835,-0.0023602025789868234
-5.82,-0.002164506220525445
-5.805,-0.0019614368227931886
-5.79,-0.0017524164590651382
-5.775,-0.0015389123278300566
-5.76,-0.0013224249085980228
-5.745,-0.001104475848367719
-5.73,-0.0008865956771311536
-5.715,-0.0006703114521826567
-5.7,-0.00045713443157622294
-5.685,-0.00024854787683873606
-5.67,-4.599508399637367e-5
-5.655,0.00014913225988407813
-5.64,0.0003355053000809651
-5.625,0.0005118687263858279
-5.61,0.0006770508870619206
-5.595,0.0008299732224608999
-5.58,0.0009696589416923234
-5.565,0.0010952408718900707
-5.55,0.0012059684163407186
-5.535,0.0013012135649787303
-5.52,0.0013804759084510875
-5.505,0.001443386615048554
-5.49,0.0014897113382262082
-5.475,0.0015193520311228416
-5.46,0.0015323476533681385
-5.445,0.0015288737644648719
-5.43,0.0015092410070781785
-5.415,0.001473892492581958
-5.4,0.001423400110129699
-5.385,0.0013584597892618566
-5.37,0.0012798857545627896
-5.355,0.001188603819068207
-5.34,0.0010856437709327279
-5.325,0.0009721309152332223
-5.31,0.0008492768396463039
-5.295,0.0007183694790437707
-5.28,0.0005807625597443575
-5.265,0.0004378645091998894
-5.25,0.0002911269212363457
-5.235,0.00014203267058048857
-5.22,-7.91622674796901e-6
-5.205,-0.0001572109085343337
-5.19,-0.0003043480170498779
-5.175,-0.00044784200495674145
-5.16,-0.0005862372964416074
-5.145,-0.0007181202047593291
-5.13,-0.000842130509345957
-5.115,-0.0009569725984265897
-5.1,-0.0010614260865728687
-5.085,-0.0011543558209301846
-5.07,-0.0012347211948009924
-5.055,-0.0013015846928970398
-5.04,-0.0013541195988148833
-5.025,-0.0013916168020949096
-5.01,-0.0014134906495382718
-4.995,-0.00141928379322028
-4.98,-0.0014086709957891017
-4.965,-0.0013814618621089485
-4.95,-0.0013376024750288732
-4.935,-0.0012771759219605547
-4.92,-0.0012004017079589727
-4.905,-0.00110763406004529
-4.89,-0.0009993591365184261
-4.875,-0.0008761911638969464
-4.86,-0.0007388675328444063
-4.845,-0.00058824289288812
-4.83,-0.0004252822938745169
-4.815,-0.0002510534298482051
-4.8,-6.671804833357866e-5
-4.785,0.00012647740522244897
-4.77,0.00032721183187470594
-4.755,0.0005341001309025878
-4.74,0.0007457043723301138
-4.725,0.0009605453995103406
-4.71,0.0011771147675477213
-4.695,0.0013938869206037163
-4.68,0.0016093315091897065
-4.665,0.001821925747414113
-4.65,0.002030166709825739
-4.635,0.00223258346798536
-4.62,0.002427748968199603
-4.605,0.002614291553953283
-4.59,0.0027909060394619854
-4.575,0.0029563642444131355
-4.56,0.003109524904340181
-4.545,0.003249342876145861
-4.53,0.0033748775640163567
-4.515,0.003485300497300316
-4.5,0.0035799019988154014
-4.485,0.00365809688943346
-4.47,0.0037194291826234097
-4.455,0.003763575730835565
-4.44,0.0037903487941252844
-4.425,0.0037996975101682487
-4.41,0.003791708253743725
-4.395,0.003766603882782927
-4.38,0.003724741877123906
-4.365,0.003666611385108857
-4.35,0.003592829202031324
-4.335,0.0035041347131171377
-4.32,0.0034013838421339056
-4.305,0.003285542054801175
-4.29,0.0031576764738508317
-4.275,0.0030189471698032926
-4.26,0.002870597698220641
-4.245,0.0027139449603181855
-4.23,0.0025503684693122266
-4.215,0.0023812991097086665
-4.2,0.002208207480855671
-4.185,0.002032591919459976
-4.17,0.0018559662983742714
-4.155,0.0016798477007794641
-4.14,0.0015057440698978812
-4.125,0.0013351419345712227
-4.11,0.0011694943104205151
-4.095,0.001010208874878629
-4.08,0.0008586365121602891
-4.065,0.0007160603212290482
-4.05,0.0005836851760592375
-4.035,0.00046262792300355267
-4.02,0.0003539082949011912
-4.005,0.00025844061573871785
-3.99,0.00017702636325300224
-3.975,0.00011034764989607624
-3.96,5.896167512085963e-5
-3.945,2.32961940557614e-5
-3.93,3.646039379329812e-6
-3.915,1.7072464992964154e-7
-3.9,1.2893148559949542e-5
-3.885,4.169941064029399e-5
-3.87,8.633973991170199e-5
-3.855,0.00014643052893805573
-3.84,0.00022145745675675207
-3.825,0.0003107796753153361
-3.81,0.00041363502540392986
-3.795,0.0005291462397093458
-3.78,0.0006563280825976896
-3.765,0.0007940953686223079
-3.75,0.0009412717946151635
-3.735,0.0010965995136101797
-3.72,0.0012587493728206166
-3.705,0.001426331732497376
-3.69,0.001597907777776045
-3.675,0.001772001231615455
-3.66,0.0019471103736713924
-3.645,0.002121720267463735
-3.63,0.0022943150965025446
-3.615,0.0024633905091530728
-3.6,0.0026274658719481147
-3.585,0.0027850963317993895
-3.57,0.0029348845891114567
-3.555,0.003075492286149587
-3.54,0.0032056509181380903
-3.525,0.0033241721784418054
-3.51,0.003429957653780466
-3.495,0.0035220077907048416
-3.48,0.003599430060482879
-3.465,0.003661446256055201
-3.45,0.003707398861769432
-3.435,0.003736756444134262
-3.42,0.00374911801978646
-3.405,0.003744216365172009
-3.39,0.0037219202410387654
-3.375,0.0036822355136530986
-3.36,0.0036253051636147217
-3.345,0.0035514081821798995
-3.33,0.00346095736403994
-3.315,0.0033544960144659517
-3.3,0.003232693597549297
-3.285,0.0030963403608687337
-3.27,0.002946340980229451
-3.255,0.002783707276079386
-3.24,0.002609550060748584
-3.225,0.0024250701827177165
-3.21,0.002231548840644462
-3.195,0.0020303372458077623
-3.18,0.0018228457169228091
-3.165,0.0016105322958903643
-3.15,0.0013948909769351048
-3.135,0.0011774396447280118
-3.12,0.0009597078194515081
-3.105,0.0007432243083339538
-3.09,0.0005295048639396095
-3.075,0.0003200399494449477
-3.06,0.00011628271026284394
-3.045,-8.036275030036196e-5
-3.03,-0.0002685526961400121
-3.015,-0.00044701459222899547
-3.0,-0.0006145573592936149
-2.985,-0.0007700809660137179
-2.97,-0.0009125852808534895
-2.955,-0.0010411781116436254
-2.94,-0.0011550823676338535
-2.925,-0.0012536422858638614
-2.91,-0.0013363286713013432
-2.895,-0.001402743108207859
-2.88,-0.0014526211085503218
-2.865,-0.001485834171910915
-2.85,-0.0015023907401906578
-2.835,-0.0015024360393799455
-2.82,-0.001486250809710336
-2.805,-0.0014542489345319958
-2.79,-0.0014069739872074264
-2.775,-0.0013450947241014932
-2.76,-0.0012693995603091854
-2.745,-0.0011807900730261042
-2.73,-0.0010802735853656623
-2.715,-0.0009689548908969282
-2.7,-0.0008480271861571411
-2.685,-0.0007187622848271817
-2.67,-0.000582500193093493
-2.655,-0.00044063813090914966
-2.64,-0.000294619088368314
-2.625,-0.0001459200101844599
-2.61,3.960295715969304e-6
-2.595,0.0001535134272318761
-2.58,0.00030123373506202056
-2.565,0.0004456306472869856
-2.55,0.0005852408714117827
-2.535,0.000718640374717635
-2.52,0.000844456045572424
-2.505,0.000961376940940994
-2.49,0.0010681650286980592
-2.475,0.001163665337450277
-2.46,0.0012468154313871826
-2.445,0.0013166541331638608
-2.43,0.0013723294239266046
-2.415,0.0014131054562774754
-2.4,0.001438368623179468
-2.385,0.0014476326334731777
-2.37,0.001440542552745529
-2.355,0.0014168777766960339
-2.34,0.001376553912817948
-2.325,0.0013196235550798914
-2.31,0.00124627594528622
-2.295,0.0011568355238385031
-2.28,0.00105175938164236
-2.265,0.0009316336338305009
-2.25,0.0007971687447314437
-2.235,0.0006491938420329964
-2.22,0.0004886500663008414
-2.205,0.0003165830098490043
-2.19,0.000134134306356723
-2.175,-5.746756047490398e-5
-2.16,-0.00025691715458860305
-2.145,-0.0004628426111833937
-2.13,-0.0006738167008129523
-2.115,-0.0008883683441184234
-2.1,-0.001104994483683163
-2.085,-0.0013221722165954728
-2.07,-0.0015383710891875891
-2.055,-0.0017520654541010605
-2.04,-0.001961746789322419
-2.025,-0.0021659358791412922
-2.01,-0.002363194758104741
-1.995,-0.0025521383209663124
-1.98,-0.002731445504341265
-1.965,-0.00289986994925818
-1.95,-0.003056250058013826
-1.935,-0.0031995183636577855
-1.92,-0.0033287101360169615
-1.905,-0.0034429711543713585
-1.89,-0.0035415645836618507
-1.875,-0.0036238768983924007
-1.86,-0.003689422806124857
-1.845,-0.003737849130590544
-1.83,-0.003768937622893881
-1.815,-0.0037826066779903405
-1.8,-0.003778911942513353
-1.785,-0.003758045809030376
-1.77,-0.0037203358008537136
-1.755,-0.0036662418605436986
-1.74,-0.0035963525641470174
-1.725,-0.0035113802919391223
-1.71,-0.003412155394915873
-1.695,-0.003299619404436994
-1.68,-0.0031748173401961403
-1.665,-0.003038889179016616
-1.65,-0.0028930605537881137
-1.635,-0.0027386327581132054
-1.62,-0.0025769721378717247
-1.605,-0.0024094989558911023
-1.59,-0.002237675820190149
-1.575,-0.0020629957698086545
-1.56,-0.0018869701150161958
-1.545,-0.0017111161306882475
-1.53,-0.0015369447028299788
-1.515,-0.0013659480286082031
-1.5,-0.0011995874698167662
-1.485,-0.0010392816584536802
-1.47,-0.0008863949510399667
-1.455,-0.0007422263254764903
-1.44,-0.0006079988106397835
-1.425,-0.00048484953458971763
-1.41,-0.0003738204722360913
-1.395,-0.00027584996762877376
-1.38,-0.00019176509974297887
-1.365,-0.00012227495377871702
-1.35,-6.796485263711627e-5
-1.335,-2.9291595435973593e-5
-1.32,-6.579741745816742e-6
-1.305,-1.8971732454704068e-8
-1.29,-9.662543651575645e-6
-1.275,-3.5426861226183775e-5
-1.26,-7.709215442122281e-5
-1.245,-0.00013430426808467855
-1.23,-0.00020657754392434903
-1.215,-0.00029329877240738566
-1.2,-0.0003937321824778684
-1.185,-0.0005070254285565372
-1.17,-0.0006322165261850849
-1.155,-0.0007682416799706181
-1.14,-0.0009139439402370569
-1.125,-0.0010680826180576512
-1.11,-0.0012293433821818787
-1.095,-0.001396348955830048
-1.08,-0.0015676703264555323
-1.065,-0.0017418383774070692
-1.05,-0.001917355846995702
-1.035,-0.002092709517810898
-1.02,-0.0022663825372593784
-1.005,-0.002436866769233807
-0.99,-0.00260267507656497
-0.975,-0.0027623534344729758
-0.96,-0.002914492776605218
-0.945,-0.003057740477420697
-0.93,-0.003190811377633878
-0.915,-0.0033124982631425937
-0.9,-0.003421681712303559
-0.885,-0.003517339231549748
-0.87,-0.003598553605124337
-0.855,-0.003664520391089495
-0.84,-0.0037145545027029206
-0.825,-0.0037480958216843606
-0.81,-0.003764713797758207
-0.795,-0.0037641109970926226
-0.78,-0.003746125570793589
-0.765,-0.003710732623384667
-0.75,-0.0036580444701384968
-0.735,-0.0035883097811519322
-0.72,-0.0035019116190995563
-0.705,-0.003399364386586951
-0.69,-0.0032813097078823444
-0.675,-0.0031485112784612307
-0.66,-0.00300184872418295
-0.645,-0.0028423105199629137
-0.63,-0.0026709860254437606
-0.615,-0.0024890567023412753
-0.6,-0.0022977865847880314
-0.585,-0.0020985120800654936
-0.57,-0.0018926311825544246
-0.555,-0.0016815921884996764
-0.54,-0.0014668820032401825
-0.525,-0.0012500141358651271
-0.51,-0.0010325164787960623
-0.495,-0.0008159189715415488
-0.48,-0.0006017412488114778
-0.465,-0.00039148037330493106
-0.45,-0.0001865987527973214
-0.435,1.1487660344855452e-5
-0.42,0.0002014207913879322
-0.405,0.000381911394432883
-0.39,0.0005517494436608666
-0.375,0.0007098138802372831
-0.36,0.0008550816357236174
-0.345,0.0009866358587237215
-0.33,0.0011036732779638697
-0.315,0.0012055106420211545
-0.3,0.0012915901834157216
-0.285,0.0013614840627079882
-0.27,0.0014148977565279388
-0.255,0.0014516723620425901
-0.24,0.0014717857991700391
-0.225,0.0014753529008026626
-0.21,0.0014626243903352741
-0.195,0.001433984754833005
-0.18,0.0013899490311449093
-0.165,0.0013311585310999423
-0.15,0.0012583755405402852
-0.135,0.0011724770352829691
-0.12,0.001074447465086691
-0.105,0.0009653706642717192
-0.09,0.0008464209547353707
-0.075,0.0007188535136660734
-0.06,0.0005839940842321953
-0.045,0.0004432281128591276
-0.03,0.0002979894013661813
-0.015,0.00014974836617586155
0.015,0.00014974836617586155
0.03,0.0002979894013661813
0.045,0.0004432281128591276
0.06,0.0005839940842321953
0.075,0.0007188535136660734
0.09,0.0008464209547353707
0.105,0.0009653706642717192
0.12,0.001074447465086691
0.135,0.0011724770352829691
0.15,0.0012583755405402852
0.165,0.0013311585310999423
0.18,0.0013899490311449093
0.195,0.001433984754833005
0.21,0.0014626243903352741
0.225,0.0014753529008026626
0.24,0.0014717857991700391
0.255,0.0014516723620425901
0.27,0.0014148977565279388
0.285,0.0013614840627079882
0.3,0.0012915901834157216
0.315,0.0012055106420211545
0.33,0.0011036732779638697
0.345,0.0009866358587237215
0.36,0.0008550816357236174
0.375,0.0007098138802372831
0.39,0.0005517494436608666
0.405,0.000381911394432883
0.42,0.0002014207913879322
0.435,1.1487660344855452e-5
0.45,-0.0001865987527973214
0.465,-0.00039148037330493106
0.48,-0.0006017412488114778
0.495,-0.0008159189715415488
0.51,-0.0010325164787960623
0.525,-0.0012500141358651271
0.54,-0.0014668820032401825
0.555,-0.0016815921884996764
0.57,-0.0018926311825544246
0.585,-0.0020985120800654936
0.6,-0.0022977865847880314
0.615,-0.0024890567023412753
0.63,-0.0026709860254437606
0.645,-0.0028423105199629137
0.66,-0.00300184872418295
0.675,-0.0031485112784612307
0.69,-0.0032813097078823444
0.705,-0.003399364386586951
0.72,-0.0035019116190995563
0.735,-0.0035883097811519322
0.75,-0.0036580444701384968
0.765,-0.003710732623384667
0.78,-0.003746125570793589
0.795,-0.0037641109970926226
0.81,-0.003764713797758207
0.825,-0.0037480958216843606
0.84,-0.0037145545027029206
0.855,-0.003664520391089495
0.87,-0.003598553605124337
0.885,-0.003517339231549748
0.9,-0.003421681712303559
0.915,-0.0033124982631425937
0.93,-0.003190811377633878
0.945,-0.003057740477420697
0.96,-0.002914492776605218
0.975,-0.0027623534344729758
0.99,-0.00260267507656497
1.005,-0.002436866769233807
1.02,-0.0022663825372593784
1.035,-0.002092709517810898
1.05,-0.001917355846995702
1.065,-0.0017418383774070692
1.08,-0.0015676703264555323
1.095,-0.001396348955830048
1.11,-0.0012293433821818787
1.125,-0.0010680826180576512
1.14,-0.0009139439402370569
1.155,-0.0007682416799706181
1.17,-0.0006322165261850849
1.185,-0.0005070254285565372
1.2,-0.0003937321824778684
1.215,-0.00029329877240738566
1.23,-0.00020657754392434903
1.245,-0.00013430426808467855
1.26,-7.709215442122281e-5
1.275,-3.5426861226183775e-5
1.29,-9.662543651575645e-6
1.305,-1.8971732454704068e-8
1.32,-6.579741745816742e-6
1.335,-2.9291595435973593e-5
1.35,-6.796485263711627e-5
1.365,-0.00012227495377871702
1.38,-0.00019176509974297887
1.395,-0.00027584996762877376
1.41,-0.0003738204722360913
1.425,-0.00048484953458971763
1.44,-0.0006079988106397835
1.455,-0.0007422263254764903
1.47,-0.0008863949510399667
1.485,-0.0010392816584536802
1.5,-0.0011995874698167662
1.515,-0.0013659480286082031
1.53,-0.0015369447028299788
1.545,-0.0017111161306882475
1.56,-0.0018869701150161958
1.575,-0.0020629957698086545
1.59,-0.002237675820190149
1.605,-0.0024094989558911023
1.62,-0.0025769721378717247
1.635,-0.0027386327581132054
1.65,-0.0028930605537881137
1.665,-0.003038889179016616
1.68,-0.0031748173401961403
1.695,-0.003299619404436994
1.71,-0.003412155394915873
1.725,-0.0035113802919391223
1.74,-0.0035963525641470174
1.755,-0.0036662418605436986
1.77,-0.0037203358008537136
1.785,-0.003758045809030376
1.8,-0.003778911942513353
1.815,-0.0037826066779903405
1.83,-0.003768937622893881
1.845,-0.003737849130590544
1.86,-0.003689422806124857
1.875,-0.0036238768983924007
1.89,-0.0035415645836618507
1.905,-0.0034429711543713585
1.92,-0.0033287101360169615
1.935,-0.0031995183636577855
1.95,-0.003056250058013826
1.965,-0.00289986994925818
1.98,-0.002731445504341265
1.995,-0.0025521383209663124
2.01,-0.002363194758104741
2.025,-0.0021659358791412922
2.04,-0.001961746789322419
2.055,-0.0017520654541010605
2.07,-0.0015383710891875891
2.085,-0.0013221722165954728
2.1,-0.001104994483683163
2.115,-0.0008883683441184234
2.13,-0.0006738167008129523
2.145,-0.0004628426111833937
2.16,-0.00025691715458860305
2.175,-5.746756047490398e-5
2.19,0.000134134306356723
2.205,0.0003165830098490043
2.22,0.0004886500663008414
2.235,0.0006491938420329964
2.25,0.0007971687447314437
2.265,0.0009316336338305009
2.28,0.00105175938164236
2.295,0.0011568355238385031
2.31,0.00124627594528622
2.325,0.0013196235550798914
2.34,0.001376553912817948
2.355,0.0014168777766960339
2.37,0.001440542552745529
2.385,0.0014476326334731777
2.4,0.001438368623179468
2.415,0.0014131054562774754
2.43,0.0013723294239266046
2.445,0.0013166541331638608
2.46,0.0012468154313871826
2.475,0.001163665337450277
2.49,0.0010681650286980592
2.505,0.000961376940940994
2.52,0.000844456045572424
2.535,0.000718640374717635
2.55,0.0005852408714117827
2.565,0.0004456306472869856
2.58,0.00030123373506202056
2.595,0.0001535134272318761
2.61,3.960295715969304e-6
2.625,-0.0001459200101844599
2.64,-0.000294619088368314
2.655,-0.00044063813090914966
2.67,-0.000582500193093493
2.685,-0.0007187622848271817
2.7,-0.0008480271861571411
2.715,-0.0009689548908969282
2.73,-0.0010802735853656623
2.745,-0.0011807900730261042
2.76,-0.0012693995603091854
2.775,-0.0013450947241014932
2.79,-0.0014069739872074264
2.805,-0.0014542489345319958
2.82,-0.001486250809710336
2.835,-0.0015024360393799455
2.85,-0.0015023907401906578
2.865,-0.001485834171910915
2.88,-0.0014526211085503218
2.895,-0.001402743108207859
2.91,-0.0013363286713013432
2.925,-0.0012536422858638614
2.94,-0.0011550823676338535
2.955,-0.0010411781116436254
2.97,-0.0009125852808534895
2.985,-0.0007700809660137179
3.0,-0.0006145573592936149
3.015,-0.00044701459222899547
3.03,-0.0002685526961400121
3.045,-8.036275030036196e-5
3.06,0.00011628271026284394
3.075,0.0003200399494449477
3.09,0.0005295048639396095
3.105,0.0007432243083339538
3.12,0.0009597078194515081
3.135,0.0011774396447280118
3.15,0.0013948909769351048
3.165,0.0016105322958903643
3.18,0.0018228457169228091
3.195,0.0020303372458077623
3.21,0.002231548840644462
3.225,0.0024250701827177165
3.24,0.002609550060748584
3.255,0.002783707276079386
3.27,0.002946340980229451
3.285,0.0030963403608687337
3.3,0.003232693597549297
3.315,0.0033544960144659517
3.33,0.00346095736403994
3.345,0.0035514081821798995
3.36,0.0036253051636147217
3.375,0.0036822355136530986
3.39,0.0037219202410387654
3.405,0.003744216365172009
3.42,0.00374911801978646
3.435,0.003736756444134262
3.45,0.003707398861769432
3.465,0.003661446256055201
3.48,0.003599430060482879
3.495,0.0035220077907048416
3.51,0.003429957653780466
3.525,0.0033241721784418054
3.54,0.0032056509181380903
3.555,0.003075492286149587
3.57,0.0029348845891114567
3.585,0.0027850963317993895
3.6,0.0026274658719481147
3.615,0.0024633905091530728
3.63,0.0022943150965025446
3.645,0.002121720267463735
3.66,0.0019471103736713924
3.675,0.001772001231615455
3.69,0.001597907777776045
3.705,0.001426331732497376
3.72,0.0012587493728206166
3.735,0.0010965995136101797
3.75,0.0009412717946151635
3.765,0.0007940953686223079
3.78,0.0006563280825976896
3.795,0.0005291462397093458
3.81,0.00041363502540392986
3.825,0.0003107796753153361
3.84,0.00022145745675675207
3.855,0.00014643052893805573
3.87,8.633973991170199e-5
3.885,4.169941064029399e-5
3.9,1.2893148559949542e-5
3.915,1.7072464992964154e-7
3.93,3.646039379329812e-6
3.945,2.32961940557614e-5
3.96,5.896167512085963e-5
3.975,0.00011034764989607624
3.99,0.00017702636325300224
4.005,0.00025844061573871785
4.02,0.0003539082949011912
4.035,0.00046262792300355267
4.05,0.0005836851760592375
4.065,0.0007160603212290482
4.08,0.0008586365121602891
4.095,0.001010208874878629
4.11,0.0011694943104205151
4.125,0.0013351419345712227
4.14,0.0015057440698978812
4.155,0.0016798477007794641
4.17,0.0018559662983742714
4.185,0.002032591919459976
4.2,0.002208207480855671
4.215,0.0023812991097086665
4.23,0.0025503684693122266
4.245,0.0027139449603181855
4.26,0.002870597698220641
4.275,0.0030189471698032926
4.29,0.0031576764738508317
4.305,0.003285542054801175
4.32,0.0034013838421339056
4.335,0.0035041347131171377
4.35,0.003592829202031324
4.365,0.003666611385108857
4.38,0.003724741877123906
4.395,0.003766603882782927
4.41,0.003791708253743725
4.425,0.0037996975101682487
4.44,0.0037903487941252844
4.455,0.003763575730835565
4.47,0.0037194291826234097
4.485,0.00365809688943346
4.5,0.0035799019988154014
4.515,0.003485300497300316
4.53,0.0033748775640163567
4.545,0.003249342876145861
4.56,0.003109524904340181
4.575,0.0029563642444131355
4.59,0.0027909060394619854
4.605,0.002614291553953283
4.62,0.002427748968199603
4.635,0.00223258346798536
4.65,0.002030166709825739
4.665,0.001821925747414113
4.68,0.0016093315091897065
4.695,0.0013938869206037163
4.71,0.0011771147675477213
4.725,0.0009605453995103406
4.74,0.0007457043723301138
4.755,0.0005341001309025878
4.77,0.00032721183187470594
4.785,0.00012647740522244897
4.8,-6.671804833357866e-5
4.815,-0.0002510534298482051
4.83,-0.0004252822938745169
4.845,-0.00058824289288812
4.86,-0.0007388675328444063
4.875,-0.0008761911638969464
4.89,-0.0009993591365184261
4.905,-0.00110763406004529
4.92,-0.0012004017079589727
4.935,-0.0012771759219605547
4.95,-0.0013376024750288732
4.965,-0.0013814618621089485
4.98,-0.0014086709957891017
4.995,-0.00141928379322028
5.01,-0.0014134906495382718
5.025,-0.0013916168020949096
5.04,-0.0013541195988148833
5.055,-0.0013015846928970398
5.07,-0.0012347211948009924
5.085,-0.0011543558209301846
5.1,-0.0010614260865728687
5.115,-0.0009569725984265897
5.13,-0.000842130509345957
5.145,-0.0007181202047593291
5.16,-0.0005862372964416074
5.175,-0.00044784200495674145
5.19,-0.0003043480170498779
5.205,-0.0001572109085343337
5.22,-7.91622674796901e-6
5.235,0.00014203267058048857
5.25,0.0002911269212363457
5.265,0.0004378645091998894
5.28,0.0005807625597443575
5.295,0.0007183694790437707
5.31,0.0008492768396463039
5.325,0.0009721309152332223
5.34,0.0010856437709327279
5.355,0.001188603819068207
5.37,0.0012798857545627896
5.385,0.0013584597892618566
5.4,0.001423400110129699
5.415,0.001473892492581958
5.43,0.0015092410070781785
5.445,0.0015288737644648719
5.46,0.0015323476533681385
5.475,0.0015193520311228416
5.49,0.0014897113382262082
5.505,0.001443386615048554
5.52,0.0013804759084510875
5.535,0.0013012135649787303
5.55,0.0012059684163407186
5.565,0.0010952408718900707
5.58,0.0009696589416923234
5.595,0.0008299732224608999
5.61,0.0006770508870619206
5.625,0.0005118687263858279
5.64,0.0003355053000809651
5.655,0.00014913225988407813
5.67,-4.599508399637367e-5
5.685,-0.00024854787683873606
5.7,-0.00045713443157622294
5.715,-0.0006703114521826567
5.73,-0.0008865956771311536
5.745,-0.001104475848367719
5.76,-0.0013224249085980228
5.775,-0.0015389123278300566
5.79,-0.0017524164590651382
5.805,-0.0019614368227931886
5.82,-0.002164506220525445
5.835,-0.0023602025789868234
5.85,-0.002547160428777639
5.865,-0.0027240819242832434
5.88,-0.002889747315336349
5.895,-0.0030430247855905077
5.91,-0.003182879577706591
5.925,-0.0033083823312477618
5.94,-0.003418716565573291
5.955,-0.0035131852469665347
5.97,-0.003591216386671317
5.985,-0.003652367624382581
6.0,-0.0036963297599784434
6.015,-0.0037229292048241228
6.03,-0.0037321293327544016
6.045,-0.0037240307197792108
6.06,-0.0036988702705837966
6.075,-0.003657019238937345
6.09,-0.003598980158108763
6.105,-0.003525382706242152
6.12,-0.0034369785402957923
6.135,-0.003334635140526677
6.15,-0.0032193287155399073
6.165,-0.003092136225553076
6.18,-0.0029542265886882482
6.195,-0.0028068511417405355
6.21,-0.0026513334329274635
6.225,-0.002489058429549737
6.24,-0.0023214612282463068
6.255,-0.0021500153595667044
6.27,-0.001976220781878457
6.285,-0.0018015916621510226
6.3,-0.0016276440428878098
6.315,-0.0014558834954026482
6.33,-0.0012877928597475104
6.345,-0.001124820170893395
6.36,-0.0009683668692534401
6.375,-0.0008197763913265189
6.39,-0.0006803232331513335
6.405,-0.0005512025754197625
6.42,-0.0004335205545352466
6.435,-0.0003282852586538323
6.45,-0.00023639852185627404
6.465,-0.00015864858311502575
6.48,-9.570366969476536e-5
6.495,-4.81065571149957e-5
6.51,-1.6270149869628282e-5
6.525,-4.7411880622717495e-7
6.54,-8.62622483253877e-7
6.555,-1.7443131017675864e-5
6.57,-5.0086361978892825e-5
6.585,-9.852732885079428e-5
6.6,-0.00016236749354555491
6.615,-0.00024107800548355896
6.63,-0.0003340040009268109
6.645,-0.0004403699276398891
6.66,-0.000559285851622853
6.675,-0.0006897546946821495
6.69,-0.0008306803440438685
6.705,-0.0009808765681287455
6.72,-0.0011390766660596726
6.735,-0.001303943772510913
6.75,-0.0014740817341847648
6.765,-0.0016480464695569398
6.78,-0.0018243577196057118
6.795,-0.0020015110940633783
6.81,-0.002177990315327506
6.825,-0.0023522795605627894
6.84,-0.0025228758017268463
6.855,-0.0026883010432691354
6.87,-0.002847114358082931
6.885,-0.002997923623929071
6.9,-0.0031393968649821254
6.915,-0.0032702731063576
6.93,-0.0033893726534339583
6.945,-0.0034956067124555183
6.96,-0.0035879862742528067
6.975,-0.003665630188902449
6.99,-0.003727772365720152
7.005,-0.0037737680400855155
7.02,-0.0038030990561769558
7.035,-0.0038153781226888494
7.05,-0.0038103520069453045
7.065,-0.0037879036414482253
7.08,-0.0037480531257315475
7.095,-0.0036909576153668624
7.11,-0.003616910099005192
7.125,-0.0035263370733722163
7.14,-0.00341979513508585
7.155,-0.0032979665169639476
7.17,-0.0031616536050635296
7.185,-0.0030117724809723746
7.2,-0.0028493455417916824
7.215,-0.0026754932577403826
7.23,-0.002491425134316287
7.245,-0.002298429952411174
7.26,-0.002097865365641098
7.275,-0.0018911469393752772
7.29,-0.0016797367204810078
7.305,-0.0014651314306143093
7.32,-0.001248850378943626
7.335,-0.0010324231924726153
7.35,-0.0008173774636093028
7.365,-0.0006052264153010167
7.38,-0.00039745668391150607
7.395,-0.000195516319059352
7.41,-8.030978748165943e-7
7.425,0.00018534675142283164
7.44,0.00036166932505059116
7.455,0.0005269832307817573
7.47,0.000680199103933316
7.485,0.0008203283749450419
7.5,0.0009464912173547558
7.515,0.0010579236116323898
7.53,0.0011539834675175602
7.545,0.0012341557551542152
7.56,0.0012980566033676275
7.575,0.0013454363318196
7.59,0.0013761813924384858
7.605,0.0013903152043811418
7.62,0.0013879978757722078
7.635,0.001369524814509607
7.65,0.0013353242394495523
7.665,0.0012859536122174116
7.68,0.0012220950186587348
7.695,0.00114454953747759
7.71,0.0010542306418367753
7.725,0.0009521566875502125
7.74,0.0008394425489177882
7.755,0.0007172904701773153
7.77,0.0005869802069196453
7.785,0.0004498585375815861
7.8,0.00030732823024780996
7.815,0.00016083655441815925
7.83,1.1863431093134637e-5
7.845,-0.00013809068253182324
7.86,-0.00028751707531627735
7.875,-0.0004349111315660919
7.89,-0.000578784647217797
7.905,-0.0007176780127373367
7.92,-0.000850172163737107
7.935,-0.0009749002022025481
7.95,-0.0010905585938947738
7.965,-0.0011959178509388933
7.98,-0.001289832612789823
7.995,-0.0013712510436542477
8.01,-0.0014392234700004304
8.025,-0.001492910187960436
8.04,-0.0015315883771727583
8.055,-0.0015546580648720765
8.07,-0.001561647091748022
8.085,-0.001552215039204045
8.1,-0.001526156086084325
8.115,-0.0014834007716331874
8.13,-0.0014240166503365606
8.145,-0.0013482078332968156
8.16,-0.001256313419837463
8.175,-0.0011488048320494966
8.19,-0.0010262820739029555
8.205,-0.0008894689452835455
8.22,-0.0007392072498041936
8.235,-0.0005764500434148739
8.25,-0.00040225397862666184
8.265,-0.00021777080651279817
8.28,-2.4238105490980542e-5
8.295,0.00017703068782719733
8.31,0.0003846568647637056
8.325,0.000597207561711202
8.34,0.0008132073179979215
8.355,0.0010311499806181696
8.37,0.0012495108591487531
8.385,0.0014667590321386242
8.4,0.0016813697050279785
8.415,0.001891836519235184
8.43,0.00209668371244522
8.445,0.002294478031342162
8.46,0.0024838403000391977
8.475,0.0026634565502556494
8.49,0.0028320886228507852
8.505,0.0029885841546174793
8.52,0.0031318858692331707
8.535,0.00326104009691687
8.55,0.0033752044536064043
8.565,0.003473654617297459
8.58,0.0035557901465193193
8.595,0.003621139293702817
8.61,0.003669362774360947
8.625,0.0037002564614838406
8.64,0.003713752983280595
8.655,0.0037099222113085393
8.67,0.003688970635043666
8.685,0.0036512396279914506
8.7,0.0035972026194412768
8.715,0.003527461194856914
8.73,0.0034427401565983663
8.745,0.0033438815851151984
8.76,0.0032318379488707307
8.775,0.003107664318983555
8.79,0.002972509751844782
8.805,0.002827607909727921
8.82,0.0026742669955981497
8.835,0.002513859083897518
8.85,0.0023478089339896203
8.865,0.0021775823771487605
8.88,0.002004674371442801
8.895,0.00183059682155576
8.91,0.0016568662625054645
8.925,0.0014849915073169779
8.94,0.00131646135900397
8.955,0.00115273248668815
8.97,0.0009952175643527094
8.985,0.0008452737685915172
9.0,0.0007041917287993004
9.015,0.0005731850195724225
9.03,0.00045338028068406434
9.045,0.00034580804489983945
9.06,0.00025139434814902203
9.075,0.0001709531902105569
9.09,0.00010517990716367922
9.105,5.464550944595798e-5
9.12,1.9792031516692176e-5
9.135,9.289309058847713e-7
9.15,-1.7694340962485063e-6
9.165,1.1734772383009029e-5
9.18,4.134255131715621e-5
9.195,8.681886953472673e-5
9.21,0.00014779456720588014
9.225,0.00022376935656672202
9.24,0.0003141158875217923
9.255,0.00041808484709787187
9.27,0.0005348110513235953
9.285,0.000663320480046938
9.3,0.0008025381975420279
9.315,0.000951297094561237
9.33,0.0011083473808145363
9.345,0.0012723667507617293
9.36,0.0014419711401333424
9.375,0.0016157259857965455
9.39,0.0017921578974927673
9.405,0.0019697666466282145
9.42,0.002147037374721634
9.435,0.002322452922329018
9.45,0.002494506178286067
9.465,0.0026617123489432785
9.48,0.0028226210477179286
9.495,0.002975828106746708
9.51,0.0031199870146793873
9.525,0.00325381988769017
9.54,0.003376127884575451
9.555,0.003485800981321249
9.57,0.003581827025726715
9.585,0.0036632999985180274
9.6,0.0037294274138321886
9.615,0.003779536798941176
9.63,0.0038130812005657435
9.645,0.0038296436730354574
9.66,0.0038289407118214294
9.675,0.0038108246045351207
9.69,0.0037752846802797785
9.705,0.0037224474471896614
9.72,0.0036525756170234583
9.735,0.003566066024718526
9.75,0.003463446459788851
9.765,0.003345371435288668
9.78,0.0032126169286935905
9.795,0.0030660741374022036
9.81,0.0029067422995654834
9.825,0.002735720638543057
9.84,0.002554199496404464
9.855,0.0023634507284808265
9.87,0.00216481743697426
9.885,0.0019597031270013185
9.9,0.0017495603731384885
9.915,0.001535879088512741
9.93,0.0013201744917093982
9.945,0.0011039748692236568
9.96,0.0008888092328422155
9.975,0.0006761949721952222
9.99,0.00046762560275712025
10.005,0.0002645587087999557
10.02,6.84041792177161e-5
10.035,-0.00011948716823821048
10.05,-0.0002978344819281645
10.065,-0.0004654372020199569
10.08,-0.0006211847330575034
10.095,-0.00076406538485443
10.11,-0.0008931745091092665
10.125,-0.0010077217656718244
10.14,-0.001107037459461051
10.155,-0.0011905778965844382
10.17,-0.001257929716176488
10.185,-0.0013088131627944394
10.2,-0.0013430842728162692
10.215,-0.001360735957107746
10.23,-0.0013618979711916132
10.245,-0.0013468357731895267
10.26,-0.0013159482788422793
10.275,-0.0012697645318736918
10.29,-0.0012089393167745226
10.305,-0.0011342477496741417
10.32,-0.0010465788912691375
10.335,-0.000946928433722321
10.35,-0.0008363905209682029
10.365,-0.0007161487689007018
10.38,-0.0005874665584187737
10.395,-0.00045167668021225136
10.41,-0.0003101704154365355
10.425,-0.00016438614100755002
10.44,-1.579755210941834e-5
10.455,0.00013409840238236032
10.47,0.0002837937735276509
10.485,0.00043178195542805677
10.5,0.0005765700175156797
10.515,0.0007166909258144826
10.53,0.0008507155538671981
10.545,0.0009772643857284876
10.56,0.0010950188159269134
10.575,0.001202731954572273
10.59,0.0012992388498046603
10.605,0.0013834660445145213
10.62,0.001454440389671565
10.635,0.0015112970426385893
10.65,0.0015532865854673615
10.665,0.00157978120532235
10.68,0.0015902798867968185
10.695,0.001584412573912545
10.71,0.0015619432679642765
10.725,0.0015227720360145094
10.74,0.0014669359136934034
10.755,0.0013946086949408808
10.77,0.00130609961036962
10.785,0.001201850904956005
10.8,0.0010824343347074457
10.815,0.000948546610735956
10.83,0.0008010038277187172
10.845,0.0006407349219769643
10.86,0.00046877421228685756
10.875,0.00028625308398792787
10.89,9.439088391438134e-5
10.905,-0.0001055148999153232
10.92,-0.00031209909410407895
10.935,-0.0005239398462677605
10.95,-0.0007395700926317225
10.965,-0.0009574893937032795
10.98,-0.0011761760419014937
10.995,-0.0013940993428161234
11.01,-0.0016097319703568778
11.025,-0.0018215622954530757
11.04,-0.0020281065881794197
11.055,-0.002227920994210557
11.07,-0.0024196131883400932
11.085,-0.0026018536104234994
11.1,-0.002773386192495095
11.115,-0.002933038489943164
11.13,-0.0030797311344671367
11.145,-0.003212486532050832
11.16,-0.0033304367353174085
11.175,-0.0034328304263386233
11.19,-0.0035190389531965832
11.205,-0.003588561371282507
11.22,-0.003641028448401246
11.235,-0.0036762056011677533
11.25,-0.003693994738862271
11.265,-0.0036944349997859198
11.28,-0.003677702374154573
11.295,-0.0036441082166134
11.31,-0.0035940966604740268
11.325,-0.003528240954697623
11.34,-0.0034472387533974673
11.355,-0.003351906396143462
11.37,-0.0032431722255482666
11.385,-0.0031220689964349814
11.4,-0.0029897254382654746
11.415,-0.0028473570393856957
11.43,-0.0026962561279658074
11.445,-0.0025377813302257845
11.46,-0.0023733464915944432
11.475,-0.002204409150813002
11.49,-0.0020324586606248374
11.505,-0.0018590040515636796
11.52,-0.001685561737438918
11.535,-0.001513643162401922
11.55,-0.001344742489951917
11.565,-0.0011803244338978334
11.58,-0.0010218123301396604
11.595,-0.0008705765461760329
11.61,-0.0007279233225000968
11.625,-0.0005950841365375607
11.64,-0.00047320567553543296
11.655,-0.0003633404998621237
11.67,-0.0002664384725713852
11.685,-0.00018333902485692994
11.7,-0.00011476432023401844
11.715,-6.131337298298274e-5
11.73,-2.3457168637592615e-5
11.745,-1.534826160284486e-6
11.76,4.249167015843998e-6
11.775,-6.173375385656953e-6
11.79,-3.273377775358937e-5
11.805,-7.522705531171e-5
11.82,-0.00013331357580655408
11.835,-0.00020652181666324477
11.85,-0.00029425219521251185
11.865,-0.0003957819408747736
11.88,-0.0005102709697223984
11.895,-0.0006367687136980585
11.91,-0.0007742218490116953
11.925,-0.0009214828609333282
11.94,-0.0010773193754047476
11.955,-0.0012404241816629641
11.97,-0.0014094258644542924
11.985,-0.0015828999594662365
12.0,-0.0017593805413528949
12.015,-0.0019373721502147058
12.03,-0.00211536195964482
12.045,-0.0022918320874897834
12.06,-0.0024652719493133404
12.075,-0.0026341905542049456
12.09,-0.0027971286430418002
12.105,-0.0029526705705925334
12.12,-0.0030994558349316972
12.135,-0.0032361901604979885
12.15,-0.003361656044754578
12.165,-0.0034747226827673886
12.18,-0.0035743551890692316
12.195,-0.0036596230418861103
12.21,-0.0037297076811183016
12.225,-0.0037839091983427127
12.24,-0.0038216520644783936
12.255,-0.003842489848573767
12.27,-0.0038461088893694513
12.285,-0.003832330889796711
12.3,-0.0038011144133205783
12.315,-0.0037525552699569586
12.33,-0.003686885788811966
12.345,-0.003604472983036612
12.36,-0.003505815622086618
12.375,-0.0033915402350530905
12.39,-0.003262396077512663
12.405,-0.003119249102764844
12.42,-0.002963074986411541
12.435,-0.0027949512609237188
12.45,-0.00261604862406888
12.465,-0.0024276214917842206
12.48,-0.0022309978722176295
12.495,-0.0020275686431719484
12.51,-0.0018187763200345154
12.525,-0.0016061034054127622
12.54,-0.0013910604150931974
12.555,-0.0011751736775711956
12.57,-0.000959973006237375
12.585,-0.0007469793443405581
12.6,-0.0005376924830682107
12.615,-0.0003335789524907103
12.63,-0.00013606018371182147
12.645,5.349896163664496e-5
12.66,0.00023380120140154142
12.675,0.00040362729300319017
12.69,0.0005618458586731058
12.705,0.0007074224960462134
12.72,0.0008394281001247511
12.735,0.0009570463290382599
12.75,0.0010595801529788228
12.765,0.0011464574331389898
12.78,0.0012172354853597538
12.795,0.0012716045914435764
12.81,0.0013093904296361198
12.825,0.0013305554045607787
12.84,0.001335198865830158
12.855,0.0013235562135865888
12.87,0.001295996898265933
12.885,0.001253021330861545
12.9,0.0011952567288158722
12.915,0.0011234519313136789
12.93,0.0010384712261227386
12.945,0.0009412872381578334
12.96,0.0008329729375655804
12.975,0.000714692832280541
12.99,0.0005876934166276548
13.005,0.0004532929535900689
13.02,0.000312870673773606
13.035,0.00016785547883826275
13.05,1.9714241192545684e-5
13.065,-0.000130060204974413
13.08,-0.00027996128373973354
13.095,-0.00042848100927536507
13.11,-0.0005741223292525283
13.125,-0.0007154113795225708
13.14,-0.0008509095504948048
13.155,-0.0009792252671624374
13.17,-0.0010990253870530626
13.185,-0.001209046123484049
13.2,-0.0013081034053597429
13.215,-0.0013951025893240475
13.23,-0.0014690474453430613
13.245,-0.0015290483426951295
13.26,-0.0015743295698404302
13.275,-0.0016042357286785772
13.29,-0.0016182371512214677
13.305,-0.001615934294650211
13.32,-0.001597061079023771
13.335,-0.0015614871404963974
13.35,-0.0015092189817106463
13.365,-0.0014404000099914214
13.38,-0.0013553094630016
13.395,-0.0012543602305571757
13.41,-0.001138095590266973
13.425,-0.0010071848834857546
13.44,-0.0008624181666773139
13.455,-0.0007046998816079682
13.47,-0.0005350415957611889
13.485,-0.00035455387191710093
13.5,-0.00016443733291493046
13.515,3.402700584517626e-5
13.53,0.00023948805765665145
13.545,0.0004505355557015487
13.56,0.0006657114257400713
13.575,0.0008835215479379306
13.59,0.0011024478123126298
13.605,0.001320960369894297
13.62,0.0015375299801075703
13.635,0.0017506403540979688
13.65,0.0019588003937594405
13.665,0.0021605562270666976
13.68,0.0023545029419703156
13.695,0.002539295923560554
13.71,0.002713661702429104
13.725,0.0028764082261275533
13.74,0.003026434470307961
13.755,0.003162739311494029
13.77,0.0032844295894297647
13.785,0.0033907272935348024
13.8,0.003480975815110695
13.815,0.0035546452145313544
13.83,0.0036113364606519824
13.845,0.0036507846080192892
13.86,0.0036728608860944426
13.875,0.003677573683537389
13.89,0.003665068419576833
13.905,0.003635626303530333
13.92,0.003589661992570296
13.935,0.003527720166781416
13.95,0.0034504710493495883
13.965,0.003358704908291115
13.98,0.0032533255844038786
13.995,0.0031353430980319403
14.01,0.003005865394717622
14.025,0.0028660892968101503
14.04,0.00271729073454913
14.055,0.00256081433599419
14.07,0.0023980624603800816
14.085,0.0022304837639966
14.1,0.0020595613914904803
14.115,0.0018868008885280787
14.13,0.0017137179340213817
14.145,0.001541825991584159
14.16,0.0013726239805416439
14.175,0.0012075840666572204
14.19,0.0010481396717668021
14.205,0.000895673799732619
14.22,0.0007515077735585598
14.235,0.0006168904751678742
14.25,0.0004929881752609286
14.265,0.00038087503587669807
14.28,0.0002815243628160178
14.295,0.00019580067899331106
14.31,0.00012445268311419202
14.325,6.810715088361898e-5
14.34,2.7263828292780155e-5
14.355,2.291358473046572e-6
14.37,-6.575724791119566e-6
14.385,7.610875362254253e-7
14.4,2.426347098912447e-5
14.415,6.375657206704485e-5
14.43,0.00011893042345190316
14.445,0.00018934245848006894
14.46,0.00027442110444470756
14.475,0.0003734704255393529
14.49,0.0004856757777267114
14.505,0.0006101104295955775
14.52,0.0007457430954217056
14.535,0.0008914463192372761
14.55,0.0010460056418003408
14.565,0.0012081294759951956
14.58,0.0013764596104394896
14.595,0.0015495822559696334
14.61,0.0017260395452664533
14.625,0.0019043413922007917
14.64,0.0020829776145560018
14.655,0.002260430221645122
14.67,0.0024351857669994647
14.685,0.0026057476657769018
14.7,0.002770648376823871
14.715,0.0029284613504243595
14.73,0.003077812644671436
14.745,0.0032173921160891265
14.76,0.003345964093589703
14.775,0.0034623774490480526
14.79,0.003565574982676322
14.805,0.0036546020469470273
14.82,0.0037286143389979156
14.835,0.003786884798206562
14.85,0.0038288095528905292
14.865,0.0038539128678131782
14.88,0.0038618510522912524
14.895,0.003852415297143409
14.91,0.0038255334174196647
14.925,0.003781270486740044
14.94,0.003719828358074016
14.955,0.0036415440748376105
14.97,0.0035468871851991974
14.985,0.003436455981393693
15.0,0.0033109726945772552
