-15.0,0.007285941621968579
-14.985,0.007295533051097336
-14.97,0.007305144803399019
-14.955,0.007314779087227856
-14.94,0.007324435100246405
-14.925,0.007334112345685439
-14.91,0.007343811491220695
-14.895,0.007353533152790788
-14.88,0.007363276918203625
-14.865,0.007373043043386205
-14.85,0.007382832437249147
-14.835,0.007392642367227113
-14.82,0.007402475638398227
-14.805,0.00741233207998232
-14.79,0.007422208943953004
-14.775,0.007432110326754472
-14.76,0.007442033925711211
-14.745,0.007451978463243676
-14.73,0.007461949091339239
-14.715,0.007471939577774488
-14.7,0.007481955034866137
-14.685,0.007491992925932328
-14.67,0.007502054158227008
-14.655,0.007512137689309786
-14.64,0.007522245493240622
-14.625,0.007532375932454357
-14.61,0.0075425310860144775
-14.595,0.007552708703040438
-14.58,0.007562908775880637
-14.565,0.00757313470750476
-14.55,0.007583382907342671
-14.535,0.007593655740450588
-14.52,0.007603952484367517
-14.505,0.0076142715564205335
-14.49,0.007624616520457366
-14.475,0.00763498628631938
-14.46,0.007645378630697723
-14.445,0.007655795468313515
-14.43,0.007666237518416116
-14.415,0.007676703414514631
-14.4,0.007687194691542289
-14.385,0.007697708204194604
-14.37,0.0077082482049605685
-14.355,0.007718813808014851
-14.34,0.007729402882969773
-14.325,0.007740018016550604
-14.31,0.007750656690834762
-14.295,0.007761321678396291
-14.28,0.007772011807669479
-14.265,0.007782727780212623
-14.25,0.007793466897087148
-14.235,0.007804233264678013
-14.22,0.007815025130143673
-14.205,0.007825842384933227
-14.19,0.007836685411683128
-14.175,0.007847553994405131
-14.16,0.007858448819252274
-14.145,0.007869369963161427
-14.13,0.007880315354145642
-14.115,0.007891288899462091
-14.1,0.007902287802534881
-14.085,0.007913314511682768
-14.07,0.007924364942082799
-14.055,0.007935443611183346
-14.04,0.007946548713484835
-14.025,0.007957680754231426
-14.01,0.007968839824175657
-13.995,0.007980025511261481
-13.98,0.007991238656614452
-13.965,0.008002476898855138
-13.95,0.0080137438004015
-13.935,0.008025037231058407
-13.92,0.00803635960048071
-13.905,0.008047707819772548
-13.89,0.008059084022714361
-13.875,0.008070488240710815
-13.86,0.008081919744695791
-13.845,0.008093379262635338
-13.83,0.00810486722562135
-13.815,0.008116383161264845
-13.8,0.008127925848389114
-13.785,0.008139498664099187
-13.77,0.008151098422519898
-13.755,0.008162726989340988
-13.74,0.008174385264605993
-13.725,0.008186068964753542
-13.71,0.008197784729660615
-13.695,0.008209527304457119
-13.68,0.008221299961430475
-13.665,0.008233101238801842
-13.65,0.00824493159995433
-13.635,0.008256790360071913
-13.62,0.008268681073176893
-13.605,0.008280598511198023
-13.59,0.00829254599792441
-13.575,0.008304524209730093
-13.56,0.008316531467088056
-13.545,0.008328569380801079
-13.53,0.008340635752648476
-13.515,0.00835273300418329
-13.5,0.008364860117751841
-13.485,0.008377018957031404
-13.47,0.008389206584009561
-13.455,0.008401424357749975
-13.44,0.008413673204849204
-13.425,0.008425954270534
-13.41,0.008438264997119752
-13.395,0.008450606244772476
-13.38,0.008462978990129615
-13.365,0.00847538352277748
-13.35,0.008487818024391051
-13.335,0.008500283818823177
-13.32,0.008512782155638667
-13.305,0.008525311829766968
-13.29,0.008537873602493518
-13.275,0.008550466884278244
-13.26,0.008563091841971446
-13.245,0.008575748825480694
-13.23,0.008588437895463022
-13.215,0.008601158999946996
-13.2,0.008613913201507197
-13.185,0.00862670042587437
-13.17,0.008639519939252162
-13.155,0.008652372112144263
-13.14,0.008665257135751484
-13.125,0.008678175588452464
-13.11,0.00869112732712641
-13.095,0.008704110396457241
-13.08,0.008717128173996641
-13.065,0.008730179461995792
-13.05,0.008743264732800349
-13.035,0.008756383009076944
-13.02,0.008769535532902935
-13.005,0.00878272258430006
-12.99,0.008795943922496125
-12.975,0.008809198223006014
-12.96,0.008822487843989967
-12.945,0.008835811171337209
-12.93,0.00884916951044159
-12.915,0.008862563011541714
-12.9,0.00887599187645022
-12.885,0.008889453992893686
-12.87,0.008902952130867768
-12.855,0.00891648618316474
-12.84,0.008930054472389738
-12.825,0.00894365845945473
-12.81,0.00895729963417618
-12.795,0.008970975346873114
-12.78,0.008984687143805063
-12.765,0.008998435535327113
-12.75,0.009012219166661605
-12.735,0.009026039805754007
-12.72,0.009039897692742136
-12.705,0.009053790753788782
-12.69,0.009067721781036561
-12.675,0.009081688293517845
-12.66,0.009095694270656034
-12.645,0.009109734111073388
-12.63,0.009123814456614834
-12.615,0.009137929751528625
-12.6,0.00915208447166163
-12.585,0.00916627625628637
-12.57,0.009180505545454793
-12.555,0.00919477281827544
-12.54,0.009209078065632911
-12.525,0.009223423335224742
-12.51,0.009237806146265702
-12.495,0.009252227235741945
-12.48,0.009266687073540182
-12.465,0.00928118661586554
-12.45,0.009295723539909637
-12.435,0.009310300871149335
-12.42,0.009324917397843642
-12.405,0.009339574619980914
-12.39,0.009354269370268887
-12.375,0.009369006184123828
-12.36,0.00938378110516391
-12.345,0.009398597632967543
-12.33,0.009413453831091913
-12.315,0.009428349954209433
-12.3,0.009443286715957101
-12.285,0.009458263975792348
-12.27,0.00947328362621818
-12.255,0.009488343298969993
-12.24,0.009503445087140485
-12.225,0.009518587647610677
-12.21,0.009533771816541284
-12.195,0.009548997502901576
-12.18,0.009564265000649793
-12.165,0.009579575677029913
-12.15,0.009594928024957679
-12.135,0.009610321674952706
-12.12,0.009625758704359942
-12.105,0.009641238585428034
-12.09,0.009656761008249146
-12.075,0.009672327005060334
-12.06,0.009687936518291706
-12.045,0.009703588817768087
-12.03,0.009719285147237473
-12.015,0.009735024250616288
-12.0,0.009750808518285243
-11.985,0.009766635624489596
-11.97,0.009782508723281057
-11.955,0.00979842386700159
-11.94,0.009814386241711857
-11.925,0.009830391203612336
-11.91,0.009846442229073772
-11.895,0.009862539945303407
-11.88,0.009878679950492172
-11.865,0.009894867980283068
-11.85,0.009911099907052622
-11.835,0.00992737879334739
-11.82,0.009943703338479706
-11.805,0.009960075064296206
-11.79,0.009976491857080824
-11.775,0.009992956803827103
-11.76,0.010009468183513231
-11.745,0.010026025891330066
-11.73,0.010042631170589343
-11.715,0.010059284147639439
-11.7,0.010075984344881505
-11.685,0.010092732724668058
-11.67,0.010109528743236047
-11.655,0.010126372824438793
-11.64,0.010143265587306632
-11.625,0.010160207810647064
-11.61,0.010177197646457335
-11.595,0.01019423693091569
-11.58,0.010211325033788536
-11.565,0.010228463365391639
-11.55,0.010245651169689852
-11.535,0.010262887096014537
-11.52,0.010280175368438104
-11.505,0.01029751188800853
-11.49,0.010314900088816012
-11.475,0.010332339202458636
-11.46,0.010349827922640751
-11.445,0.010367369452764815
-11.43,0.010384960945348973
-11.415,0.010402604248537046
-11.4,0.010420299185033496
-11.385,0.010438046400432471
-11.37,0.010455844717657908
-11.355,0.010473695868903003
-11.34,0.010491600765935147
-11.325,0.010509557893617513
-11.31,0.010527567126984778
-11.295,0.010545630592393027
-11.28,0.010563746744907858
-11.265,0.010581916157461619
-11.25,0.01060014231228644
-11.235,0.010618420216332667
-11.22,0.010636752590979731
-11.205,0.010655140950552568
-11.19,0.010673581985921495
-11.175,0.01069207960097463
-11.16,0.010710633170198831
-11.145,0.010729240792874063
-11.13,0.010747906153669334
-11.115,0.010766626167250347
-11.1,0.010785402658239613
-11.085,0.010804234966708149
-11.07,0.010823124475792806
-11.055,0.010842071812707976
-11.04,0.01086107422501652
-11.025,0.010880137377574761
-11.01,0.010899256587756541
-10.995,0.010918432641509431
-10.98,0.010937669453328969
-10.965,0.010956963668188328
-10.95,0.010976316593202237
-10.935,0.010995728135311392
-10.92,0.011015198286451738
-10.905,0.011034729454382225
-10.89,0.011054320243717965
-10.875,0.011073970446396365
-10.86,0.011093681877478324
-10.845,0.011113453697756697
-10.83,0.011133285344408207
-10.815,0.011153178878711548
-10.8,0.011173133109854343
-10.785,0.011193150237293205
-10.77,0.011213228502537927
-10.755,0.011233368740882215
-10.74,0.011253571648603146
-10.725,0.011273838170959078
-10.71,0.011294167833724405
-10.695,0.011314558752745061
-10.68,0.011335015046504103
-10.665,0.011355535276535805
-10.65,0.011376118600025069
-10.635,0.011396767819433787
-10.62,0.011417481346068362
-10.605,0.01143825945173509
-10.59,0.011459102890705633
-10.575,0.01148001233449676
-10.56,0.011500987374866864
-10.545,0.011522028123509104
-10.53,0.01154313639530241
-10.515,0.011564311323396075
-10.5,0.011585553177542613
-10.485,0.011606861140979882
-10.47,0.011628240490265741
-10.455,0.011649684307145807
-10.44,0.01167119771467284
-10.425,0.011692779562650659
-10.41,0.01171443091542643
-10.395,0.011736150841104404
-10.38,0.011757942316127352
-10.365,0.011779801373917155
-10.35,0.011801731343674599
-10.335,0.011823731791011
-10.32,0.011845804362511892
-10.305,0.011867947012749494
-10.29,0.01189016143466422
-10.275,0.011912447291826143
-10.26,0.011934806174777926
-10.245,0.011957237348570382
-10.23,0.011979741547842463
-10.215,0.012002318218263211
-10.2,0.012024969603682791
-10.185,0.01204769424381663
-10.17,0.012070492934349858
-10.155,0.012093367579415034
-10.14,0.01211631527879154
-10.125,0.012139339257108975
-10.11,0.012162439931490836
-10.095,0.012185615388743954
-10.08,0.012208867273851504
-10.065,0.012232197010865434
-10.05,0.01225560291692339
-10.035,0.01227908653188886
-10.02,0.012302646878422068
-10.005,0.012326285840149708
-9.99,0.012350004754515847
-9.975,0.01237380104312116
-9.96,0.012397678091443123
-9.945,0.012421634452853835
-9.93,0.012445670858648101
-9.915,0.012469786595131132
-9.9,0.012493985147489868
-9.885,0.012518263898994107
-9.87,0.012542624377050917
-9.855,0.012567066861634734
-9.84,0.012591591174997464
-9.825,0.012616199238543149
-9.81,0.012640890275176384
-9.795,0.012665664603286395
-9.78,0.01269052421873943
-9.765,0.012715466997280295
-9.75,0.012740494480743252
-9.735,0.012765608595846687
-9.72,0.012790807347307935
-9.705,0.012816091548833255
-9.69,0.012841463827251575
-9.675,0.012866921848767544
-9.66,0.01289246913099793
-9.645,0.012918102170459772
-9.63,0.012943825097066281
-9.615,0.012969635350206555
-9.6,0.012995535040715328
-9.585,0.013021524138119567
-9.57,0.013047603276406609
-9.555,0.01307377280396406
-9.54,0.013100035062260817
-9.525,0.013126386426968801
-9.51,0.013152830090732858
-9.495,0.013179366499805922
-9.48,0.013205996791028964
-9.465,0.013232718924863164
-9.45,0.013259534286637837
-9.435,0.013286444092110383
-9.42,0.01331344881388665
-9.405,0.013340547835998296
-9.39,0.013367744269949463
-9.375,0.01339503518871996
-9.36,0.013422422942434743
-9.345,0.01344990856670609
-9.33,0.013477491356686125
-9.315,0.013505171378318623
-9.3,0.0135329495626235
-9.285,0.013560828746544707
-9.27,0.013588805204987084
-9.255,0.013616883357185144
-9.24,0.013645061738983446
-9.225,0.013673341318266847
-9.21,0.013701721544204647
-9.195,0.013730203793589637
-9.18,0.013758789618997727
-9.165,0.013787478440026585
-9.15,0.013816271368552603
-9.135,0.013845168640120711
-9.12,0.0138741688703696
-9.105,0.013903276852833456
-9.09,0.013932489024222693
-9.075,0.0139618087185434
-9.06,0.013991233795091946
-9.045,0.014020768288382765
-9.03,0.014050409774502505
-9.015,0.01408016049085992
-9.0,0.014110020648256253
-8.985,0.01413998897327953
-8.97,0.014170069718536335
-8.955,0.014200260066696982
-8.94,0.014230562072150168
-8.925,0.014260976899667458
-8.91,0.01429150462868159
-8.895,0.014322145203456755
-8.88,0.01435290041570679
-8.865,0.014383769325904596
-8.85,0.014414754721576212
-8.835,0.014445854404584417
-8.82,0.014477071423510499
-8.805,0.01450840543625325
-8.79,0.014539856941588785
-8.775,0.014571426361724458
-8.76,0.014603115909580413
-8.745,0.014634924600540541
-8.73,0.014666853150594645
-8.715,0.014698902734394493
-8.7,0.014731073755868252
-8.685,0.014763367827838455
-8.67,0.014795783486603554
-8.655,0.014828322869778887
-8.64,0.014860987947815676
-8.625,0.014893776841956275
-8.61,0.014926690620166203
-8.595,0.014959732465833408
-8.58,0.014992899937394054
-8.565,0.015026195549875021
-8.55,0.015059620861988003
-8.535,0.015093172716034522
-8.52,0.015126856267586026
-8.505,0.015160669732652851
-8.49,0.015194614330423059
-8.475,0.015228691202139743
-8.46,0.015262900827489696
-8.445,0.01529724448454151
-8.43,0.015331721332440328
-8.415,0.015366333556631686
-8.4,0.015401081628364042
-8.385,0.015435966636396072
-8.37,0.01547098932529291
-8.355,0.015506147807265183
-8.34,0.015541446612857978
-8.325,0.015576885321440644
-8.31,0.015612464488145095
-8.295,0.015648184209155577
-8.28,0.015684047476206192
-8.265,0.015720052043983287
-8.25,0.015756200494313505
-8.235,0.015792493686366083
-8.22,0.015828931276979298
-8.205,0.01586551680881888
-8.19,0.01590224900921749
-8.175,0.01593912823033765
-8.16,0.015976156229217487
-8.145,0.01601333411986739
-8.13,0.01605066292666965
-8.115,0.016088142375970883
-8.1,0.016125773884434765
-8.085,0.016163559163824934
-8.07,0.016201498129075183
-8.055,0.016239592056169195
-8.04,0.016277841729491323
-8.025,0.016316247456252948
-8.01,0.01635481225146159
-7.995,0.016393533552429018
-7.98,0.016432415386359703
-7.965,0.01647145874526834
-7.95,0.01651066158801118
-7.935,0.01655002886597765
-7.92,0.016589558096985615
-7.905,0.01662925212708423
-7.89,0.01666911075517869
-7.875,0.016709136484501484
-7.86,0.016749328727995436
-7.845,0.01678969012430185
-7.83,0.01683022012685814
-7.815,0.016870920536046604
-7.8,0.016911793302758975
-7.785,0.016952837057023145
-7.77,0.016994054355371824
-7.755,0.017035447572346235
-7.74,0.017077013468028722
-7.725,0.017118758456809907
-7.71,0.017160680922851973
-7.695,0.017202781968766474
-7.68,0.017245061833803407
-7.665,0.017287524242702714
-7.65,0.017330168269563195
-7.635,0.017372995888229645
-7.62,0.017416006419914445
-7.605,0.017459203914463414
-7.59,0.017502587679132577
-7.575,0.01754615963554856
-7.56,0.017589919326255646
-7.545,0.017633869679777342
-7.53,0.01767801245972296
-7.515,0.01772234624573286
-7.5,0.017766874335393295
-7.485,0.017811598636361666
-7.47,0.0178565178950031
-7.455,0.01790163519698335
-7.44,0.01794695098152286
-7.425,0.01799246635517421
-7.41,0.018038183989704328
-7.395,0.018084102634692276
-7.38,0.01813022707104523
-7.365,0.018176555720452393
-7.35,0.01822309065818861
-7.335,0.018269833284087315
-7.32,0.018316785472462134
-7.305,0.018363947371219356
-7.29,0.018411321196673925
-7.275,0.018458909782285333
-7.26,0.018506710591482255
-7.245,0.018554729418169415
-7.23,0.01860296405483055
-7.215,0.018651418610281686
-7.2,0.01870009192922657
-7.185,0.018748987892089463
-7.17,0.01879810785500948
-7.155,0.018847451015222654
-7.14,0.018897021047054492
-7.125,0.018946818397991526
-7.11,0.018996844337349033
-7.095,0.019047101343325757
-7.08,0.01909759015369488
-7.065,0.019148313092374324
-7.05,0.019199271718302095
-7.035,0.019250466672423003
-7.02,0.019301899007374737
-7.005,0.01935357306019257
-6.99,0.019405488164452672
-6.975,0.01945764590827131
-6.96,0.01951004886624338
-6.945,0.019562697850466885
-6.93,0.01961559634131848
-6.915,0.01966874397944663
-6.9,0.01972214303439313
-6.885,0.019775795642004407
-6.87,0.019829703047195713
-6.855,0.019883868192440153
-6.84,0.0199382903809876
-6.825,0.01999297378477628
-6.81,0.020047919480950062
-6.795,0.020103129933525653
-6.78,0.020158604795009916
-6.765,0.02021434770693615
-6.75,0.020270360188042347
-6.735,0.020326644316636895
-6.72,0.020383201163000488
-6.705,0.02044003444643697
-6.69,0.020497143167398885
-6.675,0.020554532284306593
-6.66,0.020612201759350707
-6.645,0.0206701549162635
-6.63,0.02072839328764169
-6.615,0.020786917944501514
-6.6,0.02084573261718405
-6.585,0.020904838384991145
-6.57,0.020964237201221564
-6.555,0.021023931719492104
-6.54,0.021083923124038815
-6.525,0.02114421443634394
-6.51,0.021204807014671145
-6.495,0.021265703929968727
-6.48,0.02132690802266951
-6.465,0.02138841964338096
-6.45,0.021450242143095308
-6.435,0.021512378285909805
-6.42,0.021574828483930327
-6.405,0.02163759669330077
-6.39,0.02170068531747105
-6.375,0.021764094714479317
-6.36,0.021827830828102707
-6.345,0.02189189370718367
-6.33,0.02195628324288669
-6.315,0.02202100771273512
-6.3,0.02208606494907181
-6.285,0.02215146061300215
-6.27,0.022217194656619633
-6.255,0.022283270939848613
-6.24,0.022349690901279067
-6.225,0.022416459287437428
-6.21,0.02248357664370098
-6.195,0.022551046590088254
-6.18,0.02261887156814843
-6.165,0.02268705411696351
-6.15,0.02275559802980026
-6.135,0.02282450495669518
-6.12,0.022893776986689696
-6.105,0.022963418945417167
-6.09,0.023033432205045817
-6.075,0.023103820302814892
-6.06,0.023174584375617664
-6.045,0.023245731097547306
-6.03,0.023317260268369555
-6.015,0.023389176222773853
-6.0,0.023461481059429228
-5.985,0.023534178522998935
-5.97,0.02360727120944348
-5.955,0.023680762823034492
-5.94,0.023754657014859112
-5.925,0.023828955638151714
-5.91,0.023903661776079787
-5.895,0.02397878013728178
-5.88,0.024054313434109544
-5.865,0.02413026421803028
-5.85,0.024206636030117714
-5.835,0.024283432260446842
-5.82,0.024360658178127007
-5.805,0.024438315770421618
-5.79,0.024516407871200293
-5.775,0.024594938002942282
-5.76,0.024673911148886642
-5.745,0.0247533304200847
-5.73,0.024833198490175786
-5.715,0.024913519872636528
-5.7,0.024994299411149373
-5.685,0.025075538960432336
-5.67,0.025157242647395127
-5.655,0.025239415047222987
-5.64,0.025322059048493196
-5.625,0.02540518006085914
-5.61,0.025488780637868632
-5.595,0.025572865738417758
-5.58,0.025657438956664298
-5.565,0.025742504912751936
-5.55,0.025828066709625216
-5.535,0.02591413029409838
-5.52,0.026000697714788804
-5.505,0.026087774433663488
-5.49,0.026175365389954634
-5.475,0.02626347363721102
-5.46,0.026352105205668462
-5.445,0.026441263104159337
-5.43,0.026530952614660933
-5.415,0.026621178004567796
-5.4,0.02671194367889981
-5.385,0.026803256104808926
-5.37,0.026895117715309638
-5.355,0.026987534705956204
-5.34,0.027080511239550988
-5.325,0.027174052111095602
-5.31,0.02726816291597432
-5.295,0.02736284803584824
-5.28,0.027458114092739672
-5.265,0.02755396416477462
-5.25,0.027650405261043644
-5.235,0.027747441284195522
-5.22,0.027845077952622636
-5.205,0.02794332023138598
-5.19,0.028042174922954088
-5.175,0.02814164686676545
-5.16,0.028241741020258396
-5.145,0.02834246368584573
-5.13,0.028443820552809508
-5.115,0.02854581723757487
-5.1,0.028648459911645698
-5.085,0.02875175361713825
-5.07,0.02885570488174126
-5.055,0.028960320609872227
-5.04,0.02906560504977287
-5.025,0.029171566427839246
-5.01,0.029278210485792065
-4.995,0.029385541848017102
-4.98,0.02949356892417797
-4.965,0.029602298258095714
-4.95,0.02971173559634919
-4.935,0.02982188725880248
-4.92,0.02993276068315338
-4.905,0.030044363287995448
-4.89,0.030156700374133427
-4.875,0.03026978049716117
-4.86,0.03038361038415709
-4.845,0.030498196217774363
-4.83,0.030613547056824317
-4.815,0.030729668213127562
-4.8,0.030846568277110235
-4.785,0.030964255762002603
-4.77,0.03108273602071441
-4.755,0.031202019536236688
-4.74,0.03132211083353626
-4.725,0.0314430209745044
-4.71,0.0315647562089514
-4.695,0.03168732546710243
-4.68,0.031810736409434104
-4.665,0.03193499738885978
-4.65,0.032060116883869005
-4.635,0.03218610402817685
-4.62,0.03231296829466745
-4.605,0.032440716270464784
-4.59,0.03256935741610272
-4.575,0.03269890144157147
-4.56,0.03282935850893716
-4.545,0.03296073521859447
-4.53,0.03309304286360943
-4.515,0.03322628948753876
-4.5,0.033360486772381494
-4.485,0.03349564273050618
-4.47,0.03363176803933005
-4.455,0.03376887158920786
-4.44,0.033906964773447845
-4.425,0.03404605737276785
-4.41,0.03418615860307846
-4.395,0.03432728212952903
-4.38,0.034469435977844506
-4.365,0.03461263168741299
-4.35,0.0347568790818354
-4.335,0.03490219091018174
-4.32,0.035048577184960183
-4.305,0.035196050396373524
-4.29,0.03534462119703473
-4.275,0.03549430179337358
-4.26,0.03564510326561186
-4.245,0.03579703934508339
-4.23,0.03595011992812791
-4.215,0.03610435848638814
-4.2,0.036259767634150675
-4.185,0.036416360624304096
-4.17,0.03657414785805404
-4.155,0.03673314540475145
-4.14,0.036893363398039204
-4.125,0.037054818029721576
-4.11,0.03721752103316625
-4.095,0.03738148577176693
-4.08,0.03754672852360783
-4.065,0.037713260394097316
-4.05,0.03788109749190758
-4.035,0.03805025352215159
-4.02,0.0382207441632176
-4.005,0.03839258356674014
-3.99,0.03856578639502202
-3.975,0.038740368125156216
-3.96,0.03891634454818174
-3.945,0.039093730681004406
-3.93,0.03927254393949335
-3.915,0.03945279848588037
-3.9,0.039634510841087274
-3.885,0.039817699320709235
-3.87,0.04000237861347161
-3.855,0.04018856717601718
-3.84,0.04037628159347189
-3.825,0.040565539450471116
-3.81,0.040756358200004124
-3.795,0.04094875648323701
-3.78,0.04114275040791609
-3.765,0.04133836161883986
-3.75,0.04153560570698989
-3.735,0.04173450330317968
-3.72,0.04193507289371522
-3.705,0.042137334688023144
-3.69,0.04234130682666778
-3.675,0.042547010308334944
-3.66,0.04275446590346897
-3.645,0.04296369292918288
-3.63,0.0431747127694144
-3.615,0.04338754547519126
-3.6,0.04360221421340592
-3.585,0.043818738846457914
-3.57,0.04403714213121558
-3.555,0.04425744538035286
-3.54,0.04447967091154822
-3.525,0.044703843242717006
-3.51,0.044929983206385846
-3.495,0.045158116248013684
-3.48,0.04538826315451064
-3.465,0.045620450445673186
-3.45,0.04585470089933704
-3.435,0.04609104009757034
-3.42,0.04632949253999967
-3.405,0.04657008147653822
-3.39,0.04681283493733306
-3.375,0.04705777754955244
-3.36,0.04730493605703915
-3.345,0.047554335575049865
-3.33,0.04780600421075268
-3.315,0.048059967995327135
-3.3,0.04831625484824224
-3.285,0.04857489252358458
-3.27,0.048835907863352845
-3.255,0.04909933216582124
-3.24,0.04936519045279561
-3.225,0.04963351385407893
-3.21,0.04990433162011261
-3.195,0.05017767360960729
-3.18,0.05045356873576373
-3.165,0.05073204876225602
-3.15,0.051013141631036305
-3.135,0.051296881981151954
-3.12,0.05158329906339566
-3.105,0.051872423864547164
-3.09,0.0521642909781965
-3.075,0.052458929903681756
-3.06,0.05275637325015407
-3.045,0.05305665675248664
-3.03,0.05335981163362613
-3.015,0.0536658716907886
-3.0,0.053974870712323514
-2.985,0.054286842717927615
-2.97,0.05460182114884255
-2.955,0.05491984393437835
-2.94,0.05524094310746054
-2.925,0.055565154832001515
-2.91,0.055892513688484864
-2.895,0.05622305674840485
-2.88,0.05655682025722364
-2.865,0.056893839701135034
-2.85,0.05723415099456312
-2.835,0.057577791618508414
-2.82,0.05792479947082789
-2.805,0.05827520868578819
-2.79,0.05862905897809755
-2.775,0.05898638769045834
-2.76,0.05934723104003745
-2.745,0.05971162801411694
-2.73,0.06007961533866436
-2.715,0.0604512313634692
-2.7,0.060826513605298865
-2.685,0.06120550040078782
-2.67,0.06158822983906338
-2.655,0.06197473973961187
-2.64,0.06236506751044716
-2.625,0.06275925008186488
-2.61,0.06315732753293704
-2.595,0.06355933702903753
-2.58,0.0639653135076483
-2.565,0.06437529666095415
-2.55,0.0647893229817863
-2.535,0.06520742770540669
-2.52,0.06562964950159755
-2.505,0.06605602196039312
-2.49,0.06648658264486344
-2.475,0.06692136424493779
-2.46,0.06736040381679671
-2.445,0.06780373264771584
-2.43,0.06825138739945215
-2.415,0.06870339764127281
-2.4,0.06915979680887097
-2.385,0.06962061552131578
-2.37,0.07008588213265478
-2.355,0.0705556289389428
-2.34,0.07102988190421503
-2.325,0.07150866684949261
-2.31,0.07199201162981571
-2.295,0.07247993986141305
-2.28,0.07297247307728642
-2.265,0.07346963314561086
-2.25,0.07397143942451337
-2.235,0.07447791130567472
-2.22,0.0749890630839632
-2.205,0.0755049099250061
-2.19,0.07602546230636019
-2.175,0.07655073042140971
-2.16,0.07708072111433488
-2.145,0.07761543858149175
-2.13,0.07815488602975296
-2.115,0.07869906162382134
-2.1,0.07924795980228694
-2.085,0.07980157619911313
-2.07,0.08035989858754224
-2.055,0.08092291110334626
-2.04,0.08149059712294852
-2.025,0.08206293341005177
-2.01,0.08263989542890175
-1.995,0.08322144957896492
-1.98,0.08380756079057816
-1.965,0.08439818885721492
-1.95,0.08499328631283318
-1.935,0.08559280349178909
-1.92,0.08619668150011146
-1.905,0.08680485646117217
-1.89,0.08741725862509936
-1.875,0.08803381074107382
-1.86,0.08865442982217082
-1.845,0.08927902133263488
-1.83,0.08990748793563018
-1.815,0.09053972107320091
-1.8,0.09117560388043935
-1.785,0.0918150108125426
-1.77,0.09245780563324386
-1.755,0.09310384335368667
-1.74,0.09375296746795003
-1.725,0.09440501204037655
-1.71,0.0950597956880295
-1.695,0.09571712976041258
-1.68,0.09637680799997914
-1.665,0.0970386158059255
-1.65,0.09770232102101686
-1.635,0.09836767733379292
-1.62,0.09903442308468968
-1.605,0.09970228335123696
-1.59,0.10037095994603334
-1.575,0.10104014628344107
-1.56,0.10170950878115553
-1.545,0.10237869925920447
-1.53,0.10304734860850444
-1.515,0.10371506629936067
-1.5,0.1043814407418038
-1.485,0.10504603545463381
-1.47,0.10570839225251943
-1.455,0.10636802660404156
-1.44,0.10702442795624499
-1.425,0.1076770598487376
-1.41,0.10832535399346295
-1.395,0.10896871726211795
-1.38,0.10960652209258105
-1.365,0.11023810668879404
-1.35,0.11086278126606432
-1.335,0.11147981707199313
-1.32,0.1120884472880043
-1.305,0.1126878703915734
-1.29,0.1132772426250347
-1.275,0.11385567948396753
-1.26,0.11442225260718626
-1.245,0.11497598859327644
-1.23,0.11551586589726663
-1.215,0.11604081675424696
-1.2,0.1165497173853846
-1.185,0.11704139845229967
-1.17,0.11751462517136661
-1.155,0.1179681146633474
-1.14,0.118400518401807
-1.125,0.11881042620133966
-1.11,0.11919636345759727
-1.095,0.11955678923544659
-1.08,0.1198900890345082
-1.065,0.12019457762760234
-1.05,0.12046849263058504
-1.035,0.12070999491022186
-1.02,0.12091715865898524
-1.005,0.12108797664031358
-0.99,0.12122035096956908
-0.975,0.12131209263148388
-0.96,0.12136091480065195
-0.945,0.12136443397936217
-0.93,0.12132016255849123
-0.915,0.12122550371160501
-0.9,0.12107775116717431
-0.885,0.1208740855352447
-0.87,0.1206115628871522
-0.855,0.12028711844836915
-0.84,0.11989755959757338
-0.825,0.11943955789452598
-0.81,0.11890964780913348
-0.795,0.11830422111016983
-0.78,0.11761952249991037
-0.765,0.11685163991043888
-0.75,0.11599650665916507
-0.735,0.11504988914054345
-0.72,0.11400738585736696
-0.705,0.11286441618076247
-0.69,0.11161622167530809
-0.675,0.11025785607890401
-0.66,0.10878417688130936
-0.645,0.10718984417397485
-0.63,0.10546931107457097
-0.615,0.10361681639326727
-0.6,0.10162638244698223
-0.585,0.09949180435749952
-0.57,0.09720664273986221
-0.555,0.09476422237949872
-0.54,0.09215761713473684
-0.525,0.08937965122252685
-0.51,0.0864228869865137
-0.495,0.08327962007704826
-0.48,0.07994187254988096
-0.465,0.0764013843517617
-0.45,0.07264960809069465
-0.435,0.06867770369564852
-0.42,0.06447652742890493
-0.405,0.060036631183912434
-0.39,0.055348250787025245
-0.375,0.050401306392536635
-0.36,0.04518539010270193
-0.345,0.03968976604551408
-0.33,0.033903364160034144
-0.315,0.027814775885194435
-0.3,0.021412247827245632
-0.285,0.014683687366379228
-0.27,0.007616647169334427
-0.255,0.0001983396584612993
-0.24,-0.007584375223653567
-0.225,-0.015744983855173946
-0.21,-0.02429731829929943
-0.195,-0.03325555019956578
-0.18,-0.04263418802786781
-0.165,-0.05244806736144756
-0.15,-0.06271234499502627
-0.135,-0.07344248464708286
-0.12,-0.08465424378585494
-0.105,-0.09636365611553617
-0.09,-0.10858701689952555
-0.075,-0.1213408511152784
-0.06,-0.13464189501049212
-0.045,-0.14850705813666135
-0.03,-0.1629533943544743
-0.015,-0.17799805623348167
0.015,-0.2099511958960879
0.03,-0.22689404081029985
0.045,-0.24450382340893448
0.06,-0.2627973809651627
0.075,-0.2817912767225754
0.09,-0.3015017047691747
0.105,-0.3219443828315872
0.12,-0.3431344486121027
0.135,-0.3650863263569681
0.15,-0.38781359049944714
0.165,-0.4113288098196502
0.18,-0.43564338030282723
0.195,-0.46076733584116764
0.21,-0.48670914500704754
0.225,-0.5134754824863696
0.24,-0.5410709853857765
0.255,-0.5694979813141615
0.27,-0.5987561902523679
0.285,-0.6288424083081987
0.3,-0.6597501554372491
0.315,-0.691469286406565
0.33,-0.7239855950558097
0.345,-0.7572803519160952
0.36,-0.7913298301743322
0.375,-0.8261047882461325
0.39,-0.8615699080359026
0.405,-0.897683206318551
0.42,-0.9343953956286646
0.435,-0.9716492140704793
0.45,-1.0093787107593717
0.465,-1.0475085028699853
0.48,-1.0859529889865154
0.495,-1.1246155398819382
0.51,-1.1633876680943072
0.525,-1.2021481735283217
0.54,-1.2407622938537595
0.555,-1.2790808545218249
0.57,-1.3169394539258268
0.585,-1.35415768362154
0.6,-1.390538424997442
0.615,-1.425867253107059
0.63,-1.4599119593834444
0.645,-1.4924222778489067
0.66,-1.5231298161708593
0.675,-1.5517483016714118
0.69,-1.5779741488857966
0.705,-1.6014874832066992
0.72,-1.621953650272944
0.735,-1.6390253422183934
0.75,-1.6523454145586476
0.765,-1.661550506380617
0.78,-1.666275560894406
0.795,-1.6661593740316154
0.81,-1.6608512318752602
0.825,-1.6500187665925665
0.84,-1.6333570561673856
0.855,-1.6105990233709493
0.87,-1.581527112619079
0.885,-1.545986166296366
0.9,-1.5038973450953854
0.915,-1.4552728441315366
0.93,-1.4002310298144112
0.945,-1.339011470275226
0.96,-1.2719892101165766
0.975,-1.1996874234512391
0.99,-1.122787427206082
1.005,-1.0421348594411806
1.02,-0.9587406528219318
1.035,-0.8737753615335326
1.05,-0.7885553293095785
1.065,-0.7045192562192119
1.08,-0.6231939659506724
1.095,-0.5461485036485573
1.11,-0.4749363694762099
1.125,-0.41102647504654527
1.14,-0.35572457671807123
1.155,-0.31008823594227763
1.17,-0.27483993402193957
1.185,-0.2502845418954045
1.2,-0.23623893501315812
1.215,-0.2319827612837103
1.23,-0.23624002112444012
1.245,-0.24720089870676537
1.26,-0.26259174295650495
1.275,-0.2797980453240897
1.29,-0.29604047430489383
1.305,-0.3085975219454944
1.32,-0.31506043716237986
1.335,-0.31359762292445087
1.35,-0.3031977490746625
1.365,-0.28385501036969246
1.38,-0.25665830019814434
1.395,-0.2237503303818646
1.41,-0.18813455788227276
1.425,-0.1533275977405085
1.44,-0.12288164745679572
1.455,-0.09983207405823302
1.47,-0.08615445488441434
1.485,-0.08233545119363019
1.5,-0.08716492006706518
1.515,-0.09783550890629313
1.53,-0.1103872508114984
1.545,-0.12046163271170535
1.56,-0.12424383684465502
1.575,-0.11939375344606636
1.59,-0.10572198745445129
1.605,-0.08538194871748526
1.62,-0.06243879621069446
1.635,-0.04183546004052029
1.65,-0.02797351012570181
1.665,-0.023303150284364253
1.68,-0.027399492887645073
1.695,-0.03692904264582237
1.71,-0.0466607601766363
1.725,-0.05129897919716999
1.74,-0.04753450068833139
1.755,-0.035495207949492416
1.77,-0.018878807265582744
1.785,-0.003513336454362142
1.8,0.005209011727096653
1.815,0.004936225871280296
1.83,-0.0023141943488571544
1.845,-0.010977095194595513
1.86,-0.014757264272948309
1.875,-0.010112185205680876
1.89,0.001563119047319298
1.905,0.01455298162860469
1.92,0.02220771746232155
1.935,0.02122458988297489
1.95,0.014020180448649323
1.965,0.007288726441194791
1.98,0.007341175291415949
1.995,0.015366657446181799
2.01,0.02631167390478761
2.025,0.03269610632015813
2.04,0.030730461926329146
2.055,0.023704289070890543
2.07,0.019326347293552922
2.085,0.022823155768808615
2.1,0.031916492339375956
2.115,0.03880265475831324
2.13,0.03783646346630364
2.145,0.03146395147650236
2.16,0.02784973041625638
2.175,0.03203673577424004
2.19,0.040127597236713754
2.205,0.043606394725697856
2.22,0.039483807082996016
2.235,0.03414797252489411
2.25,0.035445652939579686
2.265,0.042423618509330394
2.28,0.04641841532617633
2.295,0.04289941564465292
2.31,0.038006508891602495
2.325,0.039786513685076116
2.34,0.046156411204602024
2.355,0.04793393698904269
2.37,0.04322390578360114
2.385,0.04060403750291301
2.4,0.0450415127662308
2.415,0.04939668553454018
2.43,0.046712221173083546
2.445,0.042630011169973545
2.46,0.045222706329734325
2.475,0.04993349257075368
2.49,0.04818209424800011
2.505,0.04410807592666834
2.52,0.046381450041589944
2.535,0.050527140491786075
2.55,0.04820676248576492
2.565,0.044966310382398865
2.58,0.04820586929647611
2.595,0.05076732426672715
2.61,0.047142455626888485
2.625,0.04618121605232981
2.64,0.05023333575830765
2.655,0.04954601127712991
2.67,0.04614508550136161
2.685,0.04871889641901656
2.7,0.050575938478437735
2.715,0.04702612382904709
2.73,0.047647543556961026
2.745,0.050596567655021116
2.76,0.047758128456088074
2.775,0.047172382416937796
2.79,0.050293868568935376
2.805,0.04798403904530485
2.82,0.0470485608918527
2.835,0.05000451195692038
2.85,0.04771709624268635
2.865,0.04714873185374067
2.88,0.04972179800298321
2.895,0.047085246854741254
2.91,0.047516510392894985
2.925,0.04919401770020981
2.94,0.04637506165533385
2.955,0.04814233679592713
2.97,0.048086386696236806
2.985,0.046153211290851356
3.0,0.04855407346314585
3.015,0.04650204353846083
3.03,0.04689003703969535
3.045,0.0477867859577459
3.06,0.04560844815215315
3.075,0.04774666004461568
3.09,0.045869343071366454
3.105,0.046477880096744216
3.12,0.046699177529210316
3.135,0.045270425322661983
3.15,0.046980530530564585
3.165,0.044809102124526975
3.18,0.046510007773383474
3.195,0.0449254166837753
3.21,0.045668676106155506
3.225,0.04518383523797962
3.24,0.044842979980764495
3.255,0.045305151960943035
3.27,0.04419794384594977
3.285,0.04522571098085291
3.3,0.04372754884664252
3.315,0.04499526246776427
3.33,0.043365740064335856
3.345,0.04468185827286855
3.36,0.043056005949694956
3.375,0.04432766351901511
3.39,0.04277518482031975
3.405,0.04393938991570401
3.42,0.042533976975919874
3.435,0.043493714466153265
3.45,0.04236651666741902
3.465,0.042953821570399196
3.48,0.042305248842375395
3.495,0.042305871032851744
3.51,0.04233192901068511
3.525,0.04161775875041236
3.54,0.04231875771571927
3.555,0.04107928295009928
3.57,0.042034816868289894
3.585,0.04091736958481775
3.6,0.04133205342296084
3.615,0.04111522727017309
3.63,0.04046288108316282
3.645,0.041179645856792534
3.66,0.04006165073039345
3.675,0.04055520868991132
3.69,0.0403230909162754
3.705,0.03962200282953284
3.72,0.040320705675832375
3.735,0.039481046286425986
3.75,0.039403871592924786
3.765,0.03980240463878274
3.78,0.0388689010358737
3.795,0.039094141976624815
3.81,0.039255017363464845
3.825,0.038388057276120574
3.84,0.03864463953726368
3.855,0.03878227028758125
3.87,0.03797397843259042
3.885,0.038075056169864105
3.9,0.03835494561645784
3.915,0.03766450434757864
3.93,0.03743186029370901
3.945,0.037834727139568765
3.96,0.037499436945404745
3.975,0.03690208039864543
3.99,0.037074169334292105
4.005,0.03726413121932093
4.02,0.0367554638230631
4.035,0.03633257318138191
4.05,0.03653181677008228
4.065,0.03665691101081863
4.08,0.03622485341998084
4.095,0.03577788306016453
4.11,0.03581919176678326
4.125,0.036016645951137474
4.14,0.03584669315643742
4.155,0.03538401395608772
4.17,0.03509161976046543
4.185,0.035147317636486104
4.2,0.03528102197886128
4.215,0.03517709528678367
4.23,0.03482668208383286
4.245,0.03446985910537529
4.26,0.03431066123762156
4.275,0.03434449700241848
4.29,0.03441320127900628
4.305,0.034365351121541335
4.32,0.03416157453282889
4.335,0.0338690525739983
4.35,0.03359032796482685
4.365,0.033396171012059564
4.38,0.03329993318596989
4.395,0.033270290394287
4.41,0.03325976568991989
4.425,0.03322881598132031
4.44,0.03315688081708428
4.455,0.03304178269855305
4.47,0.032893120376613565
4.485,0.03272485595164398
4.5,0.032549970425917396
4.515,0.03237787112943571
4.53,0.03221394997533127
4.545,0.03206034306824972
4.56,0.0319170949529645
4.575,0.03178323419028318
4.59,0.0316575780540486
4.605,0.03153922331478097
4.62,0.0314277658978242
4.635,0.03132331650780757
4.65,0.031226325600763546
4.665,0.031137205849662206
4.68,0.03105575268473353
4.695,0.03098037883872868
4.71,0.03090730326033322
4.725,0.030830003129375644
4.74,0.03073947274261345
4.755,0.03062592347411432
4.77,0.030482355196712118
4.785,0.03030957047611122
4.8,0.03012074320664457
4.815,0.029941967141097963
4.83,0.02980495544863169
4.845,0.029730900157282778
4.86,0.029711554622004414
4.875,0.029701550836641697
4.89,0.02963700389113828
4.905,0.02948049059359857
4.92,0.029263827778876247
4.935,0.029081315987490364
4.95,0.02901272569024067
4.965,0.029030975818973875
4.98,0.029004712983014935
4.995,0.02883770635579508
5.01,0.02860721939468721
5.025,0.02849180630531128
5.04,0.028519955380439135
5.055,0.02849477653392209
5.07,0.02828950802325257
5.085,0.02808774135651493
5.1,0.028084133694247268
5.115,0.028098675744457957
5.13,0.027901468822202846
5.145,0.027707471148859485
5.16,0.0277385167436377
5.175,0.027698963535408953
5.19,0.027453949318622738
5.205,0.027387156485343934
5.22,0.027426769506329534
5.235,0.027210952295653634
5.25,0.027089954208275514
5.265,0.027145488622192612
5.28,0.026936194931513942
5.295,0.026831468100012103
5.31,0.026872036439577793
5.325,0.02663480152309691
5.34,0.0266156913719294
5.355,0.026570537861205265
5.37,0.02635480115813199
5.385,0.026419465054491727
5.4,0.026213250346714446
5.415,0.026180016675231562
5.43,0.02611366138399922
5.445,0.025947954251552014
5.46,0.025983437455361406
5.475,0.025758429612756834
5.49,0.025819394469473546
5.505,0.025595593798475542
5.52,0.02564400060783382
5.535,0.025438287847495668
5.55,0.025473287726063314
5.565,0.025276311835673537
5.58,0.025312019659578657
5.595,0.025109535359497896
5.61,0.02515589357353176
5.625,0.024946699663238977
5.64,0.024991542251054526
5.655,0.024804853156421208
5.67,0.024801122869397438
5.685,0.024696316711574025
5.7,0.024587087129678397
5.715,0.024594002149667133
5.73,0.02440478503964109
5.745,0.024425415833691677
5.76,0.024311885420630334
5.775,0.02419279764466369
5.79,0.024215539889673718
5.805,0.024055387135506
5.82,0.023987057102855137
5.835,0.023989733069294996
5.85,0.02383138818556301
5.865,0.023760914717650152
5.88,0.023767143122104727
5.895,0.023635713719189152
5.91,0.023523015810498656
5.925,0.023526520208733626
5.94,0.023464836210452807
5.955,0.02332062909692511
5.97,0.02325162437889027
5.985,0.023248600342276528
6.0,0.023182172986414167
6.015,0.02305192217994986
6.03,0.022961179175004297
6.045,0.022937685290570047
6.06,0.022911575720957037
6.075,0.022829724792878356
6.09,0.022715036292805753
6.105,0.022620902232834385
6.12,0.022569286956519656
6.135,0.022540345324309537
6.15,0.022501967660680054
6.165,0.022437511575342056
6.18,0.022351269148801284
6.195,0.02225805937178816
6.21,0.022171213320802054
6.225,0.022096836810801757
6.24,0.02203431328740392
6.255,0.021979551041894755
6.27,0.02192801514588908
6.285,0.021876369327088786
6.3,0.02182283286546294
6.315,0.021766841170792424
6.33,0.021708504985541544
6.345,0.021648164168641265
6.36,0.02158608826048395
6.375,0.02152235302423865
6.39,0.021456837435584672
6.405,0.021389346041619864
6.42,0.021319866087697713
6.435,0.021248942239954695
6.45,0.021178117679152245
6.465,0.021110174203298745
6.48,0.021048798707179184
6.495,0.02099719545175014
6.51,0.020955619949014112
6.525,0.02091886390841085
6.54,0.020876145026726918
6.555,0.02081609090026021
6.57,0.020736414746615063
6.585,0.020651306538323456
6.6,0.020585187043295847
6.615,0.020549803462102934
6.63,0.02052425025329593
6.645,0.020470182951022774
6.66,0.020381224172948364
6.675,0.02030336830272587
6.69,0.020273072324594115
6.705,0.020248885254280497
6.72,0.02017218424545176
6.735,0.0200835569152238
6.75,0.020054517891468452
6.765,0.020028790837619576
6.78,0.019937783314297176
6.795,0.019873039328605083
6.81,0.01986314326029499
6.825,0.01978760707768036
6.84,0.01971033093536351
6.855,0.019702763487910467
6.87,0.01962374076071767
6.885,0.01955919918696236
6.9,0.0195476439126175
6.915,0.019450734120740176
6.93,0.01942708943250641
6.945,0.019373455877880596
6.96,0.019300363984312282
6.975,0.019287160292023896
6.99,0.019191257434574702
7.005,0.01918643044352252
7.02,0.0190933209153561
7.035,0.01908193842673735
7.05,0.01899662742264185
7.065,0.01898073471592135
7.08,0.01889718104172994
7.095,0.018884152259259407
7.11,0.018795924210889665
7.125,0.018788901303556052
7.14,0.018698692637504913
7.155,0.018686690141302077
7.17,0.018614712360432592
7.185,0.018571094721765706
7.2,0.018541500759738667
7.215,0.018459291000879383
7.23,0.018447335202506913
7.245,0.018384595919855518
7.26,0.018322881487767444
7.275,0.018309938035443462
7.29,0.01824134951588865
7.305,0.018183388311266285
7.32,0.018168481172872876
7.335,0.018112233074020354
7.35,0.01804277954771095
7.365,0.01801696513914557
7.38,0.017988470839212824
7.395,0.01792311648780929
7.41,0.017862782436443354
7.425,0.017834058106084277
7.44,0.017807916033880915
7.455,0.017757352198915687
7.47,0.017693891486980293
7.485,0.0176422031024249
7.5,0.017608532270179583
7.515,0.01758055216054712
7.53,0.01754484949361507
7.545,0.01749787769324303
7.56,0.017444476372359206
7.575,0.01739133485352503
7.59,0.017342513161272836
7.605,0.017298690357528755
7.62,0.01725850530657272
7.635,0.01722009744847886
7.65,0.01718199468335443
7.665,0.017143347704425372
7.68,0.01710379566755321
7.695,0.01706325183862338
7.71,0.01702172406636047
7.725,0.01697924622764337
7.74,0.016935898588119645
7.755,0.01689193343276665
7.77,0.0168479537544987
7.785,0.016805070573585667
7.8,0.01676482780377513
7.815,0.01672864396954799
7.83,0.01669665104404479
7.845,0.016666373312955195
7.86,0.01663262632567307
7.875,0.016590286800816142
7.89,0.016539677920001862
7.905,0.016489820587591464
7.92,0.01645246933464642
7.935,0.016427706954777178
7.95,0.01639824448864119
7.965,0.016349734987966276
7.98,0.01629686580278909
7.995,0.016265621073616458
8.01,0.016244098395725232
8.025,0.016198108402023303
8.04,0.01614497817102284
8.055,0.016121755355697973
8.07,0.01609255394334979
8.085,0.016035291558860163
8.1,0.0160067492872493
8.115,0.015981291640381274
8.13,0.015923605867698663
8.145,0.015901539275372426
8.16,0.015865360659409564
8.175,0.015815090532400804
8.19,0.015799744785034278
8.205,0.01574289722320683
8.22,0.01572323603651082
8.235,0.01567733857052175
8.25,0.0156461452030557
8.265,0.015610432937580195
8.28,0.015572861778726455
8.295,0.015540497031483523
8.31,0.015503677930193806
8.325,0.015467642670580243
8.34,0.015438331455601861
8.355,0.01539269019141936
8.37,0.015374419707935861
8.385,0.01532073409176483
8.4,0.015303879279961824
8.415,0.015260609071806085
8.43,0.01522274396720623
8.445,0.015203995393816243
8.46,0.015154045026829344
8.475,0.015124463955116319
8.49,0.015102785488528482
8.505,0.0150550679005145
8.52,0.015020854524490866
8.535,0.015001880016454038
8.55,0.0149642083450072
8.565,0.014919402651249282
8.58,0.014891694467322487
8.595,0.014870253812515827
8.61,0.014836225123059226
8.625,0.014793553543379087
8.64,0.014756797934711527
8.655,0.01473005553646608
8.67,0.014706234395199302
8.685,0.014677954804441605
8.7,0.014643760444649271
8.715,0.014606606618983987
8.73,0.014569959311485258
8.745,0.014535608003378556
8.76,0.014503619642929776
8.775,0.014473201032326438
8.79,0.014443458144779655
8.805,0.01441374548398738
8.82,0.014383708212721204
8.835,0.014353201280757342
8.85,0.014322205859133331
8.865,0.014290805099346634
8.88,0.01425922966082631
8.895,0.014227924924250963
8.91,0.014197596994065196
8.925,0.014169055882439921
8.94,0.01414273297359935
8.955,0.014117908037501611
8.97,0.014092199574864269
8.985,0.014062435031999679
9.0,0.014027512473781657
9.015,0.013991381147589077
9.03,0.013961314416393842
9.045,0.013939383778064574
9.06,0.01391632366042318
9.075,0.013882214623419448
9.09,0.013844976108901903
9.105,0.013820710960575784
9.12,0.013800723716873197
9.135,0.013765203650867633
9.15,0.013730702688182295
9.165,0.013713117276602063
9.18,0.013682508617445145
9.195,0.013645846072377699
9.21,0.013629297506708602
9.225,0.013595313143079327
9.24,0.013564762842807322
9.255,0.013546378582879711
9.27,0.013506576753007841
9.285,0.013490492002234025
9.3,0.013453893642089881
9.315,0.013432930847818218
9.33,0.013401334419636687
9.345,0.013377295784736674
9.36,0.013347093527863353
9.375,0.013324205019231702
9.39,0.013291235180528023
9.405,0.013272934243944861
9.42,0.013235536836061578
9.435,0.01322010547468312
9.45,0.013184884786867372
9.465,0.013161040064799685
9.48,0.013139829582804935
9.495,0.013103593321084551
9.51,0.013084648979421742
9.525,0.013060658736169179
9.54,0.013025695792773496
9.555,0.013004285946597806
9.57,0.012984474623990518
9.585,0.01295242608225346
9.6,0.012922396062632482
9.615,0.01290242001322622
9.63,0.012881874442438147
9.645,0.0128535255814894
9.66,0.012822506660820375
9.675,0.012795732760625064
9.69,0.012773827495837766
9.705,0.012753119975883801
9.72,0.012730503022790694
9.735,0.012705348817946443
9.75,0.012678660378251614
9.765,0.012651681254621091
9.78,0.01262517446205616
9.795,0.0125993797185643
9.81,0.012574230548627342
9.825,0.012549583521527505
9.84,0.0125253442804046
9.855,0.012501515758149206
9.87,0.012478194037360838
9.885,0.012455495380327622
9.9,0.012433417809111365
9.915,0.012411622220415267
9.93,0.012389269520470843
9.945,0.012365208958662185
9.96,0.012338828153137185
9.975,0.012311320005122774
9.99,0.012285906626813146
10.005,0.012265171898336596
10.02,0.012246753953783558
10.035,0.012224000850559259
10.05,0.012195381260160985
10.065,0.012169945226801008
10.08,0.012152641493481102
10.095,0.01213152429329672
10.11,0.012101944332089573
10.125,0.012080668368380842
10.14,0.012063618264423528
10.155,0.012034298541514067
10.17,0.012013171858559482
10.185,0.011995193388316013
10.2,0.01196521502889775
10.215,0.011949717998132402
10.23,0.011923245343953365
10.245,0.011902004597627755
10.26,0.011881410850798644
10.275,0.011856045907463482
10.29,0.011838115038827127
10.305,0.011811956604647927
10.32,0.01179366134925216
10.335,0.011769620658152681
10.35,0.01174788396205489
10.365,0.011729050914367937
10.38,0.011701781604031312
10.395,0.011687261651478657
10.41,0.01166036752484954
10.425,0.011639557520771157
10.44,0.011622996304138726
10.455,0.011595796271250899
10.47,0.011575369592397253
10.485,0.01155934069479695
10.5,0.011534878078352183
10.515,0.011510246674359336
10.53,0.01149274949441359
10.545,0.011475360606879167
10.56,0.01145259347578154
10.575,0.011428016046962702
10.59,0.011406434796115403
10.605,0.01138808593114284
10.62,0.011370367509922591
10.635,0.011351294204698008
10.65,0.0113306097415593
10.665,0.011309040950601076
10.68,0.011287370190880967
10.695,0.011266039167184867
10.71,0.011245168625525909
10.725,0.011224725797369594
10.74,0.011204656402126369
10.755,0.011184948687778333
10.77,0.011165640083361046
10.785,0.011146760813002235
10.8,0.011128221566249074
10.815,0.011109657798313395
10.83,0.011090384244766443
10.845,0.011069697493197132
10.86,0.011047667884807997
10.875,0.011025899124429932
10.89,0.011006795419422113
10.905,0.010990606460118003
10.92,0.010973409739151075
10.935,0.010951563407485744
10.95,0.010929089756563534
10.965,0.010912531796831597
10.98,0.010896578170055375
10.995,0.010873588574938257
11.01,0.010853686866005465
11.025,0.01083948813294612
11.04,0.010816847387452044
11.055,0.0107978527528234
11.07,0.010782853435022185
11.085,0.010758896074555956
11.1,0.010745086073416489
11.115,0.0107230208419663
11.13,0.010706506297185388
11.145,0.010687061400580863
11.16,0.010669106490521496
11.175,0.01065015056403384
11.19,0.010633112174858685
11.205,0.010612379051941599
11.22,0.010598038688755992
11.235,0.010575005031747436
11.25,0.010561493401724072
11.265,0.010541121618221324
11.28,0.010521705548617394
11.295,0.010507992044111786
11.31,0.010486895886208887
11.325,0.010467757788441041
11.34,0.010453875078229985
11.355,0.010435614365239562
11.37,0.010414518891483386
11.385,0.010397355131423092
11.4,0.010382791565309928
11.415,0.010366126014835081
11.43,0.010346749363154942
11.445,0.010327171513692982
11.46,0.01030918229998748
11.475,0.010292702855762273
11.49,0.010276804968187832
11.505,0.010260752953301321
11.52,0.010244295154281005
11.535,0.01022749854995257
11.55,0.010210527205681857
11.565,0.010193506526250357
11.58,0.01017648082961517
11.595,0.010159399316834052
11.61,0.010142138754096915
11.625,0.010124549471691715
11.64,0.01010659970934616
11.655,0.0100885822394339
11.67,0.010071231058327431
11.685,0.01005535477958398
11.7,0.010040808685432693
11.715,0.010025726170982168
11.73,0.010008026361511277
11.745,0.009988958463642927
11.76,0.009972826833691441
11.775,0.009959471991214235
11.79,0.00994258829663323
11.805,0.009923264199964225
11.82,0.009909347322315331
11.835,0.009894446920954694
11.85,0.009874750870914141
11.865,0.009861602999971672
11.88,0.009844928531172279
11.895,0.00982721989484829
11.91,0.009814449008426181
11.925,0.009794729376036052
11.94,0.009782766828481395
11.955,0.009763099343482103
11.97,0.009751125668781951
11.985,0.009731554912939585
12.0,0.009719627914655657
12.015,0.009700661758072725
12.03,0.009687179852098693
12.045,0.009671522782366933
12.06,0.009653788229551196
12.075,0.009641665513147178
12.09,0.00962427462077845
12.105,0.009607568428904088
12.12,0.009595159521072495
12.135,0.009579398707426053
12.15,0.009561599894813247
12.165,0.009547019185037607
12.18,0.009534089556539579
12.195,0.009519208015055819
12.21,0.009502453304804172
12.225,0.009485954890839565
12.24,0.009470821750167759
12.255,0.009456702352218207
12.27,0.009442820093432386
12.285,0.00942870065571086
12.3,0.009414257333614286
12.315,0.009399599576635517
12.33,0.009384857928869257
12.345,0.009370109835837368
12.36,0.009355354586231763
12.375,0.009340514984656417
12.39,0.009325466523597925
12.405,0.009310118719270488
12.42,0.009294573581329001
12.435,0.00927930394716291
12.45,0.00926503190326989
12.465,0.009251995958346507
12.48,0.009239044631555345
12.495,0.009224263078718905
12.51,0.009207912666915438
12.525,0.009193390728344696
12.54,0.009181454019093867
12.555,0.009167136457101942
12.57,0.009150578346820015
12.585,0.009138206606082482
12.6,0.00912495207776431
12.615,0.00910829104565577
12.63,0.009096864324493144
12.645,0.009081538972248079
12.66,0.009067498339910812
12.675,0.009054827744772096
12.69,0.009039074611841114
12.705,0.009027424354737617
12.72,0.009011460230096312
12.735,0.00899959967622211
12.75,0.008984625736591327
12.765,0.008971134653082215
12.78,0.00895868220364449
12.795,0.008942689467701282
12.81,0.008931592609784877
12.825,0.008917168735182751
12.84,0.008902161986726624
12.855,0.008890886463783877
12.87,0.008877470406942825
12.885,0.008862060483737767
12.9,0.008848949424782487
12.915,0.00883736114342911
12.93,0.008824456081856552
12.945,0.00881004376596203
12.96,0.008795650351021136
12.975,0.008782189238409592
12.99,0.008769509895629529
13.005,0.00875709302710165
13.02,0.008744584746814991
13.035,0.008731884164377871
13.05,0.008719027651634055
13.065,0.0087060721251204
13.08,0.00869303810822617
13.095,0.008679897126326067
13.11,0.008666595845506313
13.125,0.008653124344001546
13.14,0.008639639165309437
13.155,0.00862653711996789
13.17,0.008614273999413832
13.185,0.00860275326801821
13.2,0.008590836888326103
13.215,0.00857731876126524
13.23,0.00856320513153998
13.245,0.008551154499763168
13.26,0.008540273327766147
13.275,0.008526678930201707
13.29,0.008512950991980324
13.305,0.00850251697337889
13.32,0.008489205431614015
13.335,0.008475910743628357
13.35,0.008465531407308402
13.365,0.008450918302843263
13.38,0.008440595482463674
13.395,0.00842669752233252
13.41,0.008415790007633765
13.425,0.0084022344704704
13.44,0.008391577589833636
13.455,0.008377513111599092
13.47,0.008367545597525844
13.485,0.00835345163092973
13.5,0.008342384838981146
13.515,0.008330952652944673
13.53,0.008317095221736154
13.545,0.008306401869881625
13.56,0.008295205323076775
13.575,0.008281691016982125
13.59,0.008269500136414075
13.605,0.00825898728058694
13.62,0.008247750364638137
13.635,0.00823517370673678
13.65,0.008222394622500752
13.665,0.008210289095528024
13.68,0.008198844383871893
13.695,0.008187668181527306
13.71,0.008176457791249103
13.725,0.008165110747795332
13.74,0.008153637009184197
13.755,0.00814206776008876
13.77,0.008130411581199846
13.785,0.008118643922137654
13.8,0.008106743834016964
13.815,0.008094771837280499
13.83,0.008082961993042695
13.845,0.008071686547954936
13.86,0.00806110960676878
13.875,0.00805064091664906
13.89,0.008039136099364005
13.905,0.008026583200900115
13.92,0.008015034938712074
13.935,0.008005204210933937
13.95,0.007993955493753513
13.965,0.007981257043817365
13.98,0.007971283261263373
13.995,0.007960402487570349
14.01,0.00794783563422662
14.025,0.007938532899709026
14.04,0.007925973881038797
14.055,0.00791594218469893
14.07,0.007904322008401738
14.085,0.007893772855950354
14.1,0.007882300566900983
14.115,0.007872195658296896
14.13,0.007860001679805583
14.145,0.00785079064104999
14.16,0.007838347192018402
14.175,0.007828235546740454
14.19,0.007818128017696251
14.205,0.007805858200926478
14.22,0.007795675378618973
14.235,0.00778601720914011
14.25,0.007774515996942093
14.265,0.007762924085109046
14.28,0.007752686196579334
14.295,0.007742980683627178
14.31,0.007732741099846968
14.325,0.007721864807385921
14.34,0.007710775218626484
14.355,0.007699810533869937
14.37,0.007689061773009207
14.385,0.007678483181979394
14.4,0.007668004805267454
14.415,0.007657591405990128
14.43,0.0076472578304905515
14.445,0.007637060832860302
14.46,0.007627063707062358
14.475,0.007617236302100566
14.49,0.007607342497059116
14.505,0.007596966256423823
14.52,0.007585955678395529
14.535,0.007575028020243347
14.55,0.007565263160372594
14.565,0.0075561020094320665
14.58,0.007545498679093868
14.595,0.007534310243619294
14.61,0.007525212339774003
14.625,0.007515362963967143
14.64,0.007504028233010523
14.655,0.007495337000570237
14.67,0.007484480229798083
14.685,0.007474647280603497
14.7,0.007464991370755687
14.715,0.007454444485697314
14.73,0.007445138716097794
14.745,0.0074347645222434125
14.76,0.007424940964184259
14.775,0.007415598322106632
14.79,0.0074046192627474205
14.805,0.007396137669566236
14.82,0.007385614051920028
14.835,0.007375312431309873
14.85,0.00736672293169633
14.865,0.007356780616994157
14.88,0.007346090105091671
14.895,0.007336592499353869
14.91,0.007327766518134778
14.925,0.007318401896068576
14.94,0.007308376034666607
14.955,0.007298219534447817
14.97,0.0072882976721114975
14.985,0.007278645174555022
15.0,0.007269146442989833
