-15.0,0.0033700002961705496
-14.985,0.0035750804016694737
-14.97,0.0037511189416266424
-14.955,0.0038966858965120196
-14.94,0.004010598777601953
-14.925,0.0040919322327279415
-14.91,0.004140025563219659
-14.895,0.00415448809097963
-14.88,0.004135202332091233
-14.865,0.00408232495117955
-14.85,0.003996285488772592
-14.835,0.0038777828720009226
-14.82,0.003727779736980426
-14.805,0.0035474946089994095
-14.79,0.0033383920040329575
-14.775,0.00310217053199328
-14.76,0.0028407490983570574
-14.745,0.0025562513162591272
-14.73,0.0022509882556775497
-14.715,0.001927439669844411
-14.7,0.0015882338513869719
-14.685,0.001236126281833555
-14.67,0.0008739772479216988
-14.655,0.0005047286065392954
-14.64,0.00013137988704375335
-14.625,-0.00024303607491119316
-14.61,-0.0006154777741068344
-14.595,-0.0009829197429165354
-14.58,-0.001342377128184386
-14.565,-0.001690929938178438
-14.55,-0.0020257467626535815
-14.535,-0.002344107773337548
-14.52,-0.0026434268179990244
-14.505,-0.002921272428621413
-14.49,-0.0031753875730250727
-14.475,-0.0034037079894893726
-14.46,-0.003604378955436249
-14.445,-0.003775770353957864
-14.43,-0.0039164899157974895
-14.415,-0.0040253945292152435
-14.4,-0.0041015995258643885
-14.385,-0.004144485867246187
-14.37,-0.004153705173365173
-14.355,-0.0041291825527356146
-14.34,-0.004071117210749904
-14.325,-0.003979980831467004
-14.31,-0.003856513745966169
-14.295,-0.0037017189183916844
-14.28,-0.0035168537985420015
-14.265,-0.0033034201071874053
-14.25,-0.0030631516370932697
-14.235,-0.002798000168845761
-14.22,-0.002510119615889782
-14.205,-0.0022018485275744977
-14.19,-0.0018756910923405107
-14.175,-0.001534296795365285
-14.16,-0.0011804388959148681
-14.145,-0.0008169918992380755
-14.13,-0.00044690820600539415
-14.115,-7.319412897776891e-5
-14.1,0.0003011145282704816
-14.085,0.0006729771321923625
-14.07,0.0010393729193446644
-14.055,0.0013973255350523883
-14.04,0.0017439272113265803
-14.025,0.0020763623876293926
-14.01,0.0023919305826077095
-13.995,0.0026880683309998096
-13.98,0.002962370007515295
-13.965,0.003212607368528458
-13.95,0.0034367476528410802
-13.935,0.003632970094477001
-13.92,0.003799680713368843
-13.905,0.003935525263787534
-13.89,0.004039400235330155
-13.875,0.004110461817101521
-13.86,0.004148132752270258
-13.845,0.004152107027317844
-13.83,0.004122352357888039
-13.815,0.004059110451043432
-13.8,0.0039628950417987165
-13.785,0.0038344877198804566
-13.77,0.003674931580614239
-13.755,0.0034855227515148248
-13.74,0.003267799863411859
-13.725,0.0030235315516405994
-13.71,0.0027547020888296883
-13.695,0.002463495265995357
-13.68,0.0021522766528819215
-13.665,0.0018235743816528765
-13.65,0.0014800586100337245
-13.635,0.0011245198307336783
-13.62,0.0007598462033468658
-13.605,0.0003890000928724484
-13.59,1.499400543985723e-5
-13.575,-0.0003591338832790802
-13.56,-0.000730344408180174
-13.545,-0.001095622102874684
-13.53,-0.0014519996953240122
-13.515,-0.0017965822119762138
-13.5,-0.00212657049459786
-13.485,-0.0024392839387657665
-13.47,-0.0027321822693072394
-13.455,-0.003002886175799169
-13.44,-0.0032491966404965857
-13.425,-0.003469112801684384
-13.41,-0.0036608482073415597
-13.395,-0.00382284532708433
-13.38,-0.0039537882045027496
-13.365,-0.004052613147111792
-13.35,-0.00411851736707858
-13.335,-0.004150965502534674
-13.32,-0.004149693966498347
-13.305,-0.004114713088079144
-13.29,-0.00404630702857113
-13.275,-0.0039450314731163194
-13.26,-0.003811709116689637
-13.245,-0.0036474229810744756
-13.23,-0.0034535076171169758
-13.215,-0.0032315382637262504
-13.2,-0.0029833180516855243
-13.185,-0.002710863356221927
-13.17,-0.002416387417320622
-13.155,-0.0021022823608415537
-13.14,-0.001771099766486442
-13.125,-0.0014255299404692058
-13.11,-0.0010683800612653325
-13.095,-0.0007025513759685903
-13.08,-0.0003310156324970723
-13.065,4.3209060901840915e-5
-13.05,0.0004170827527474488
-13.035,0.0007875683428612511
-13.02,0.0011516562537404506
-13.005,0.0015063888783555638
-12.99,0.0018488846057748921
-12.975,0.0021763612294468946
-12.96,0.0024861585479882724
-12.945,0.0027757599748835103
-12.93,0.003042812981552718
-12.915,0.003285148207722856
-12.9,0.0035007970838616944
-12.885,0.0036880078225220974
-12.87,0.003845259648693099
-12.855,0.003971275153560574
-12.84,0.004065030671323279
-12.825,0.004125764594770162
-12.81,0.004152983562068696
-12.795,0.004146466464506927
-12.78,0.004106266242632953
-12.765,0.004032709456201304
-12.75,0.003926393631419533
-12.735,0.0037881824070444413
-12.72,0.0036191985187575574
-12.705,0.0034208146788103004
-12.69,0.0031946424250264235
-12.675,0.0029425190297450513
-12.66,0.0026664925750470698
-12.645,0.002368805315504362
-12.63,0.002051875463601072
-12.615,0.0017182775457902331
-12.6,0.0013707214887605822
-12.585,0.0010120306058018407
-12.57,0.0006451186620929394
-12.555,0.0002729662052200219
-12.54,-0.00010140364680179138
-12.525,-0.0004749497633200928
-12.51,-0.0008446377051595679
-12.495,-0.001207464374379285
-12.48,-0.0015604824094346739
-12.465,-0.001900824127574519
-12.45,-0.0022257248199800956
-12.435,-0.002532545210413362
-12.42,-0.0028187928949345905
-12.405,-0.0030821425885271176
-12.39,-0.0033204550141600225
-12.375,-0.0035317942808460903
-12.36,-0.0037144436095270707
-12.345,-0.0038669192790403402
-12.33,-0.003987982678878671
-12.315,-0.004076650370834781
-12.3,-0.004132202077796525
-12.285,-0.004154186534797144
-12.27,-0.00414242515479042
-12.255,-0.0040970134793726215
-12.24,-0.004018320402666336
-12.225,-0.003906985174671031
-12.21,-0.003763912208422986
-12.195,-0.003590263733147714
-12.18,-0.003387450353086074
-12.165,-0.0031571195886874077
-12.15,-0.0029011424932537454
-12.135,-0.0026215984537523683
-12.12,-0.0023207582992648243
-12.105,-0.0020010658542881053
-12.09,-0.0016651180867363574
-12.075,-0.00131564401190825
-12.06,-0.0009554825237891377
-12.045,-0.0005875593337721208
-12.03,-0.0002148632041329824
-12.015,0.0001595783306786409
-12.0,0.0005327235577073488
-11.985,0.0009015412943363018
-11.97,0.0012630355115903545
-11.955,0.0016142696718750452
-11.94,0.0019523905834462542
-11.925,0.002274651577834647
-11.91,0.002578434821946081
-11.895,0.002861272583589021
-11.88,0.0031208672776829372
-11.865,0.0033551101303051505
-11.85,0.0035620983089615765
-11.835,0.0037401503799272535
-11.82,0.003887819967090927
-11.805,0.004003907501348604
-11.79,0.004087469965101813
-11.775,0.004137828552702772
-11.76,0.004154574184618144
-11.745,0.004137570830517923
-11.73,0.004086956614295024
-11.715,0.004003142692038984
-11.7,0.0038868099120785244
-11.685,0.0037389032842244426
-11.67,0.0035606243031409447
-11.655,0.0033534211882055606
-11.64,0.0031189771191420346
-11.625,0.002859196562992394
-11.61,0.0025761898034986114
-11.595,0.002272255798566901
-11.58,0.001949863505068867
-11.565,0.0016116318226850777
-11.55,0.0012603083197129774
-11.535,0.0008987469136568414
-11.52,0.0005298846879083136
-11.505,0.00015671803284232185
-11.49,-0.00021772169485734987
-11.475,-0.0005903927969148952
-11.46,-0.0009582679421880944
-11.445,-0.0013183587586846322
-11.43,-0.0016677401091003585
-11.415,-0.002003573852681175
-11.4,-0.0023231319003830008
-11.385,-0.0026238183760453936
-11.37,-0.0029031907035555003
-11.355,-0.0031589794487052736
-11.34,-0.0033891067545594278
-11.325,-0.003591703220577226
-11.31,-0.0037651230883741236
-11.295,-0.003907957610763816
-11.28,-0.004019046495479374
-11.265,-0.004097487330612825
-11.25,-0.004142642915206782
-11.235,-0.004154146435449466
-11.22,-0.0041319044444251335
-11.205,-0.004076097621214396
-11.19,-0.003987179303178057
-11.175,-0.0038658718033471704
-11.16,-0.0037131605428342967
-11.145,-0.0035302860459306184
-11.13,-0.0033187338629150223
-11.115,-0.003080222502435781
-11.1,-0.0028166894714940173
-11.085,-0.002530275536430844
-11.07,-0.002223307332771157
-11.055,-0.0018982784651907568
-11.04,-0.001557829251137156
-11.025,-0.0012047252726540907
-11.01,-0.0008418349106397855
-10.995,-0.00047210604403653594
-10.98,-9.85421032307816e-5
-10.965,0.0002758223278096735
-10.95,0.000647946162468795
-10.935,0.0010148065152392118
-10.92,0.0013734232576251655
-10.905,0.0017208832267161097
-10.89,0.00205436388977657
-10.875,0.0023711562726172466
-10.86,0.0026686869654918063
-10.845,0.0029445390277591647
-10.83,0.003196471621495198
-10.815,0.0034224382145632234
-10.8,0.0036206032052744325
-10.785,0.003789356833590169
-10.77,0.003927328257737204
-10.755,0.004033396690010909
-10.74,0.004106700501306007
-10.725,0.004146644220415978
-10.71,0.004152903371243456
-10.695,0.004125427108627335
-10.68,0.0040644386313748995
-10.665,0.003970433369143785
-10.65,0.0038441749579023322
-10.635,0.0036866890366609026
-10.62,0.003499254915865648
-10.605,0.003283395185134793
-10.59,0.0030408633447573906
-10.575,0.0027736295614281667
-10.56,0.00248386466392906
-10.545,0.0021739225087658303
-10.53,0.0018463208590101202
-10.515,0.001503720931673613
-10.5,0.0011489057797582762
-10.485,0.0007847576845926167
-10.47,0.0004142347421030705
-10.455,4.0346833218072774e-5
-10.44,-0.00033386882639408535
-10.425,-0.0007053723586371246
-10.41,-0.0010711459169262874
-10.395,-0.0014282182011583287
-10.38,-0.0017736885945692147
-10.365,-0.0021047507264077042
-10.35,-0.0024187152690167513
-10.335,-0.0027130317841355047
-10.32,-0.002985309440956445
-10.305,-0.003233336437637995
-10.29,-0.003455097968505608
-10.275,-0.0036487925909874275
-10.26,-0.0038128468593306942
-10.245,-0.003945928106224116
-10.23,-0.004046955268497119
-10.215,-0.0041151076689551
-10.2,-0.004149831683012756
-10.185,-0.004150845235970551
-10.17,-0.0041181400944011615
-10.155,-0.004051981933032351
-10.14,-0.003952908176582923
-10.125,-0.0038217236340831705
-10.11,-0.0036594939611438965
-10.095,-0.0034675370032819014
-10.08,-0.0032474120906230827
-10.065,-0.003000907370945995
-10.05,-0.002730025283963508
-10.035,-0.002436966294839764
-10.02,-0.0021241110190810325
-10.005,-0.0017940008840051092
-9.99,-0.0014493174838830294
-9.975,-0.0010928607964582901
-9.96,-0.0007275264377975969
-9.945,-0.00035628214023959194
-9.93,1.7856355480301716e-5
-9.915,0.0003918497980937602
-9.9,0.0007626601146469927
-9.885,0.001127275089776537
-9.87,0.0014827328349349687
-9.855,0.001826145848795408
-9.84,0.0021547244733840457
-9.825,0.0024657995553981084
-9.81,0.0027568441286248712
-9.795,0.003025493941327558
-9.78,0.003269566661847328
-9.765,0.0034870796064082497
-9.75,0.003676265845116259
-9.735,0.0038355885553173538
-9.72,0.003963753505718593
-9.705,0.004059719569858759
-9.69,0.004122707183524346
-9.675,0.004152204677408631
-9.66,0.00414797243357141
-9.645,0.004110044831935075
-9.63,0.004038729971005123
-9.615,0.00393460716508363
-9.6,0.003798522238306791
-9.585,0.00363158065373454
-9.57,0.003435138533306831
-9.555,0.003210791641614854
-9.54,0.0029603624229751382
-9.525,0.002685885197109102
-9.51,0.00238958963368818
-9.495,0.0020738826399866453
-9.48,0.0017413288087743482
-9.465,0.001394629585277645
-9.45,0.0010366013224428724
-9.435,0.0006701524027657508
-9.42,0.0002982596125343105
-9.405,-7.605603959467531e-5
-9.39,-0.00044975386325250095
-9.375,-0.000819798186896428
-9.36,-0.0011831830175777277
-9.345,-0.0015369564596208881
-9.33,-0.0018782446938528285
-9.315,-0.002204275322590229
-9.3,-0.0025123998907469474
-9.285,-0.002800115400114386
-9.27,-0.0030650846420471525
-9.255,-0.0033051551833852347
-9.24,-0.003518376851383601
-9.225,-0.0037030175756129127
-9.21,-0.003857577458143067
-9.195,-0.0039808009577122685
-9.18,-0.004071687088905643
-9.165,-0.00412949755349229
-9.15,-0.004153762737867012
-9.135,-0.004144285527877624
-9.12,-0.004101142910048651
-9.105,-0.004024685346194261
-9.09,-0.003915533926500495
-9.075,-0.003774575324203443
-9.06,-0.003602954592848047
-9.045,-0.0034020658646377274
-9.03,-0.0031735410254356044
-9.015,-0.00291923645841353
-9.0,-0.00264121796403494
-8.985,-0.002341743978871669
-8.97,-0.002023247229573524
-8.955,-0.0016883149710215121
-8.94,-0.0013396679691974024
-8.925,-0.0009801383994978029
-8.91,-0.000612646840032662
-8.895,-0.00024017854679939826
-8.88,0.00013424079654315084
-8.865,0.000507569657308259
-8.85,0.000876775361161196
-8.835,0.0012388587275403388
-8.82,0.001590878432997086
-8.805,0.0019299749045430003
-8.79,0.002253393548911096
-8.775,0.002558507129031792
-8.76,0.002842837105952436
-8.745,0.0031040737728321574
-8.73,0.0033400950174578684
-8.715,0.0035489835608666386
-8.7,0.0037290425320394113
-8.685,0.003878809252147949
-8.67,0.003997067116380847
-8.655,0.004082855476828358
-8.64,0.004135477446144537
-8.625,0.004154505558594602
-8.61,0.0041397852425010566
-8.595,0.004091436075880792
-8.58,0.004009850815073102
-8.565,0.0038956922042495176
-8.55,0.00374988759172282
-8.535,0.003573621396788534
-8.52,0.003368325488293764
-8.505,0.003135667553090892
-8.49,0.0028775375488633063
-8.475,0.0025960323513715138
-8.46,0.0022934387208348515
-8.445,0.0019722147258185185
-8.43,0.0016349697755264731
-8.415,0.0012844434227035845
-8.4,0.000923483109338839
-8.385,0.000555021035948187
-8.37,0.00018205034233601474
-8.355,-0.00019239920667369378
-8.34,-0.0005652858330235452
-8.325,-0.0009335804547958498
-8.31,-0.0012942912924513352
-8.295,-0.0016444881720480984
-8.28,-0.001981326328017602
-8.265,-0.0023020695121403235
-8.25,-0.002604112220999038
-8.235,-0.002885000861348175
-8.22,-0.0031424536814668824
-8.205,-0.003374379306586149
-8.19,-0.00357889372782057
-8.175,-0.00375433560659834
-8.16,-0.003899279770266359
-8.145,-0.00401254878924089
-8.13,-0.004093222541659255
-8.115,-0.004140645687835325
-8.1,-0.004154432993801424
-8.085,-0.004134472460691836
-8.07,-0.004080926234546759
-8.055,-0.0039942292891461915
-8.04,-0.003875085892573429
-8.025,-0.003724463886211527
-8.01,-0.0035435868226462264
-7.995,-0.003333924026342001
-7.98,-0.0030971786578313067
-7.965,-0.0028352738783759203
-7.95,-0.00255033722748929
-7.935,-0.0022446833402263665
-7.92,-0.0019207951446342992
-7.905,-0.0015813036921031498
-7.89,-0.001228966784461609
-7.875,-0.0008666465714368433
-7.86,-0.0004972863004614239
-7.845,-0.00012388640769704827
-7.83,0.0002505198555050601
-7.815,0.0006228910627124122
-7.8,0.0009902023189282934
-7.785,0.0013494698328184356
-7.77,0.0016977751550392715
-7.755,0.002032288885771097
-7.74,0.0023502936588726616
-7.725,0.002649206215948959
-7.71,0.0029265983910170125
-7.695,0.003180216835304838
-7.68,0.003408001321951798
-7.665,0.003608101481915755
-7.65,0.003778891835135416
-7.635,0.003918984994844718
-7.62,0.004027242937776317
-7.605,0.004102786248702648
-7.59,0.004145001264217842
-7.575,0.004153545057729436
-7.56,0.004128348225164972
-7.545,0.004069615448764335
-7.53,0.0039778238343779245
-7.515,0.003853719035777358
-7.5,0.0036983091974622504
-7.485,0.003512856765167587
-7.47,0.0032988682305976477
-7.455,0.0030580818936936345
-7.44,0.002792453741845769
-7.425,0.0025041415607580963
-7.41,0.002195487406038567
-7.395,0.001868998577903375
-7.38,0.0015273272535445634
-7.365,0.0011732489426137117
-7.35,0.0008096399408352168
-7.335,0.0004394539649008727
-7.32,6.569815844792395e-5
-7.305,-0.0003085913359672999
-7.29,-0.0006803740404638904
-7.275,-0.001046629840648121
-7.26,-0.0014043835190057168
-7.245,-0.0017507289235818657
-7.23,-0.002082852575618868
-7.215,-0.0023980565243786373
-7.2,-0.002693780263492471
-7.185,-0.002967621530804939
-7.17,-0.0032173558227470787
-7.155,-0.003440954464717915
-7.14,-0.003636601090681909
-7.125,-0.0038027063981136296
-7.11,-0.003937921058430062
-7.095,-0.00404114667803482
-7.08,-0.0041115447209341405
-7.065,-0.004148543320443329
-7.05,-0.004151841924649726
-7.035,-0.0041214137378957575
-7.02,-0.00405750593844894
-7.005,-0.003960637670590737
-6.99,-0.0038315958274351023
-6.975,-0.0036714286587343566
-6.96,-0.0034814372555983164
-6.945,-0.0032631649812990427
-6.93,-0.0030183849340183065
-6.915,-0.0027490855433822577
-6.9,-0.002457454417787
-6.885,-0.002145860573729039
-6.87,-0.0018168351914974851
-6.855,-0.0014730510535558058
-6.84,-0.001117300832642042
-6.825,-0.000752474405960781
-6.81,-0.00038153537975054683
-6.795,-7.497014926182433e-6
-6.78,0.00036660225064048113
-6.765,0.0007377234843607438
-6.75,0.00110285194518761
-6.735,0.0014590215733588446
-6.72,0.0018033390846854873
-6.705,0.002133007473660252
-6.69,0.0024453487344623295
-6.675,0.00273782561528822
-6.66,0.0030080622292906947
-6.645,0.0032538633546969763
-6.63,0.0034732322673241564
-6.615,0.0036643869606330865
-6.6,0.0038257746215592512
-6.585,0.003956084244529109
-6.57,0.004054257281193823
-6.555,0.004119496239369055
-6.54,0.004151271161328854
-6.525,0.004149323928828319
-6.51,0.004113670359883808
-6.495,0.0040446000802779585
-6.48,0.003942674170833236
-6.465,0.003808720609566056
-6.45,0.0036438275457463887
-6.435,0.003449334460499741
-6.42,0.003226821285757155
-6.405,0.0029780955699433447
-6.39,0.0027051777946604035
-6.375,0.002410284961644806
-6.36,0.0020958125833257664
-6.345,0.001764315223282284
-6.33,0.0014184857446746435
-6.315,0.00106113343522249
-6.3,0.0006951611864276452
-6.285,0.00032354191242235425
-6.27,-5.070559999984797e-5
-6.255,-0.0004245412139917266
-6.24,-0.0007949281386938057
-6.225,-0.0011588575980952564
-6.21,-0.0015133732723205762
-6.195,-0.0018555953127980592
-6.18,-0.002182743736226178
-6.165,-0.0024921610073012444
-6.15,-0.0027813336267594234
-6.135,-0.003047912549366156
-6.12,-0.003289732265990666
-6.105,-0.003504828394756038
-6.09,-0.0036914536383655886
-6.075,-0.0038480919779791374
-6.06,-0.003973470988337629
-6.045,-0.0040665721740961195
-6.03,-0.004126639243399769
-6.015,-0.004153184251493751
-6.0,-0.004145991564460568
-5.985,-0.00410511961088599
-5.97,-0.004030900407224251
-5.955,-0.003923936860718113
-5.94,-0.003785097871783066
-5.925,-0.003615511275640654
-5.91,-0.0034165546805384
-5.895,-0.0031898442769804185
-5.88,-0.002937221708875171
-5.865,-0.0026607391132502513
-5.85,-0.0023626424500617343
-5.835,-0.0020453532575155538
-5.82,-0.001711448981108189
-5.805,-0.001363642036180986
-5.79,-0.0010047577740693603
-5.775,-0.0006377115308354171
-5.76,-0.000265484945024863
-5.745,0.00010889826317314185
-5.73,0.0004823968546095932
-5.715,0.0008519767761711722
-5.7,0.0012146358074015147
-5.685,0.0015674279485352295
-5.67,0.00190748735183229
-5.655,0.002232051601811293
-5.64,0.002538484155267846
-5.625,0.002824295758790678
-5.61,0.003087164669793946
-5.595,0.0033249555168034677
-5.58,0.003535736645788313
-5.565,0.0037177958116282332
-5.55,0.003869654087249363
-5.535,0.003990077877440116
-5.52,0.004078088939754838
-5.505,0.004132972331102048
-5.49,0.0041542822154646926
-5.475,0.004141845485574155
-5.46,0.004095763169118109
-5.445,0.004016409608059069
-5.43,0.003904429417730256
-5.415,0.003760732250411198
-5.4,0.00358648540592007
-5.385,0.0033831043492495764
-5.37,0.003152241212274718
-5.355,0.002895771372936804
-5.34,0.0026157782209254724
-5.325,0.0023145362336124023
-5.31,0.001994492499715995
-5.295,0.0016582468407871063
-5.28,0.0013085306919949566
-5.265,0.0009481849137720148
-5.25,0.0005801367145612603
-5.235,0.00020737587212962247
-5.22,-0.00016706955338985808
-5.205,-0.0005401578174361069
-5.19,-0.0009088582001215133
-5.175,-0.0012701756257762088
-5.16,-0.0016211749929423984
-5.145,-0.0019590050171785344
-5.13,-0.002280921392989744
-5.115,-0.0025843090867329506
-5.1,-0.0028667035794037263
-5.085,-0.003125810886742636
-5.07,-0.003359526194031415
-5.055,-0.0035659509542020117
-5.04,-0.0037434083103649344
-5.025,-0.003890456717474806
-5.01,-0.004005901652479547
-4.995,-0.004088805317827836
-4.98,-0.00413849425951016
-4.965,-0.004154564837749386
-4.95,-0.004136886505900738
-4.935,-0.004085602870925563
-4.92,-0.004001130526824285
-4.905,-0.0038841556705049548
-4.89,-0.003735628527577863
-4.875,-0.0035567556333573197
-4.86,-0.003348990031774491
-4.845,-0.0031140194718189814
-4.83,-0.002853752697393233
-4.815,-0.0025703039419517405
-4.8,-0.002265975753880554
-4.785,-0.0019432402921319785
-4.77,-0.0016047192440561656
-4.755,-0.0012531625285641679
-4.74,-0.000891425957623133
-4.725,-0.0005224480375471464
-4.71,-0.00014922609853456858
-4.695,0.00022520805364085274
-4.68,0.0005978127659952202
-4.665,0.0009655612466918806
-4.65,0.0013254661526769882
-4.635,0.0016746038568592255
-4.62,0.0020101381977037343
-4.605,0.0023293435183143942
-4.59,0.0026296268078499787
-4.575,0.002908548765412476
-4.56,0.0031638436152985924
-4.545,0.003393437512648201
-4.53,0.0035954653899750613
-4.515,0.0037682861077294647
-4.5,0.00391049578581983
-4.485,0.00402093920779704
-4.47,0.004098719205061346
-4.455,0.004143203944860854
-4.44,0.004154032062878868
-4.425,0.004131115598716241
-4.41,0.004074640710422916
-4.395,0.00398506616227425
-4.38,0.003863119598076453
-4.365,0.0037097916302742243
-4.35,0.0035263277928768728
-4.335,0.0033142184235718844
-4.32,0.003075186557216802
-4.305,0.002811173929054857
-4.29,0.002524325201354663
-4.275,0.002216970541606178
-4.26,0.0018916066937963228
-4.245,0.001550876696528302
-4.23,0.0011975484127411079
-4.215,0.0008344920454395197
-4.2,0.00046465682208190725
-4.185,9.1047037025863e-5
-4.17,-0.0002833023533525753
-4.155,-0.0006553503846177697
-4.14,-0.0010220747870384953
-4.125,-0.0013804965364887967
-4.11,-0.0017277040540505523
-4.095,-0.0020608768577359596
-4.08,-0.002377308474199533
-4.065,-0.0026744284243201376
-4.05,-0.0029498231040565454
-4.035,-0.00320125539095473
-4.02,-0.0034266828170367108
-4.005,-0.003624274160446189
-3.99,-0.003792424321072013
-3.975,-0.003929767359309491
-3.96,-0.0040351875920414315
-3.945,-0.004107828655702738
-3.93,-0.004147100462806046
-3.915,-0.004152683995418389
-3.9,-0.004124533896649825
-3.885,-0.0040628788391025164
-3.87,-0.0039682196672872335
-3.855,-0.0038413253290970413
-3.84,-0.0036832266293881544
-3.825,-0.0034952078564097506
-3.81,-0.0032787963491038873
-3.795,-0.0030357500900240367
-3.78,-0.002768043424658908
-3.765,-0.002477851023168236
-3.75,-0.0021675302148147545
-3.735,-0.0018396018385957284
-3.72,-0.0014967297656303957
-3.705,-0.0011416992596500716
-3.69,-0.0007773943513758754
-3.675,-0.00040677441057913546
-3.66,-3.285010613787029e-5
-3.645,0.0003413410506264951
-3.63,0.0007127593806624821
-3.615,0.001078387729511102
-3.6,0.001435255976653655
-3.585,0.0017804651627872081
-3.57,0.0021112110390338968
-3.555,0.0024248068467859077
-3.54,0.002718705143138166
-3.525,0.0029905184946130525
-3.51,0.0032380388710755337
-3.495,0.0034592555822953778
-3.48,0.0036523716114517223
-3.465,0.0038158182128975133
-3.45,0.0039482676556015185
-3.435,0.004048644008748473
-3.42,0.004116131881882418
-3.405,0.004150183048594247
-3.39,0.0041505208999468935
-3.375,0.004117142691461604
-3.36,0.0040503195654122545
-3.345,0.003950594348246595
-3.33,0.0038187771410267235
-3.315,0.00365593873870909
-3.3,0.003463401931721393
-3.285,0.003242730760496628
-3.27,0.0029957178102530775
-3.255,0.0027243696492292606
-3.24,0.0024308905286636786
-3.225,0.0021176644769297726
-3.21,0.0017872359332817063
-3.195,0.0014422890785291828
-3.18,0.0010856260305451269
-3.165,0.0007201440817315517
-3.15,0.00034881216335104655
-3.135,-2.535327208797864e-5
-3.12,-0.000399312754476914
-3.105,-0.0007700284867321813
-3.09,-0.0011344890218299285
-3.075,-0.0014897337257904345
-3.06,-0.0018328768278912846
-3.045,-0.002161130862741434
-3.03,-0.0024718293137884315
-3.015,-0.0027624482743179818
-3.0,-0.0030306269499866005
-2.985,-0.003274186836338082
-2.97,-0.0034911494155187833
-2.955,-0.0036797522284353888
-2.94,-0.0038384631917953937
-2.925,-0.003965993043728653
-2.91,-0.004061305816889726
-2.895,-0.004123627253964729
-2.88,-0.004152451097220653
-2.865,-0.004147543201005086
-2.85,-0.00410894343378911
-2.835,-0.004036965354302475
-2.82,-0.0039321936643918875
-2.805,-0.003795479459293704
-2.79,-0.0036279333139046426
-2.775,-0.0034309162612130195
-2.76,-0.0032060287361757554
-2.745,-0.002955097574853614
-2.73,-0.0026801611744150856
-2.715,-0.002383452934559244
-2.7,-0.002067383114868091
-2.685,-0.0017345192554674097
-2.67,-0.0013875653200456476
-2.655,-0.0010293397306586443
-2.64,-0.0006627524727512234
-2.625,-0.0002907814563788431
-2.61,8.355167434480477e-5
-2.595,0.0004572060870666145
-2.58,0.0008271464628852627
-2.565,0.0011903676532547462
-2.55,0.0015439190918042059
-2.535,0.0018849287627685665
-2.52,0.0022106265313265308
-2.505,0.0025183666463257544
-2.49,0.0028056492325982843
-2.475,0.0030701405982768637
-2.46,0.0033096921921490353
-2.445,0.0035223580570523313
-2.43,0.0037064106375305893
-2.415,0.0038603548133407674
-2.4,0.003982940044811234
-2.385,0.004073170531390884
-2.37,0.004130313300867785
-2.355,0.00415390416354589
-2.34,0.004143751483012117
-2.325,0.004099937732862586
-2.31,0.004022818826742205
-2.295,0.003913021227139914
-2.28,0.003771436856425824
-2.265,0.0035992158514695453
-2.25,0.0033977572206963782
-2.235,0.003168697479477236
-2.22,0.0029138973561707
-2.205,0.0026354266768085248
-2.19,0.002335547551211352
-2.175,0.002016695997119236
-2.16,0.0016814621516104895
-2.145,0.0013325692305578335
-2.13,0.0009728514070414211
-2.115,0.0006052307884195584
-2.1,0.000232693679080004
-2.085,-0.0001417336783023542
-2.07,-0.0005150096859399795
-2.055,-0.0008841020988416883
-2.04,-0.0012460126567459336
-2.025,-0.0015978014399846954
-2.01,-0.0019366107514274275
-1.995,-0.0022596883305040423
-1.98,-0.0025644097107316685
-1.965,-0.002848299539127537
-1.95,-0.0031090516843234935
-1.935,-0.003344547970037035
-1.92,-0.003552875381720803
-1.905,-0.003732341606615127
-1.89,-0.0038814887809667034
-1.875,-0.00399910533274003
-1.86,-0.004084235823619505
-1.845,-0.0041361887103522
-1.83,-0.0041545419623833756
-1.815,-0.004139146490150875
-1.8,-0.004090127356189147
-1.785,-0.0040078827592047355
-1.77,-0.0038930807993759436
-1.755,-0.0037466540511531497
-1.74,-0.00356979198764684
-1.725,-0.003363931318142423
-1.71,-0.0031307443172335116
-1.695,-0.002872125240379999
-1.68,-0.002590174936241754
-1.665,-0.0022871837807871918
-1.65,-0.0019656130718085432
-1.635,-0.0016280750349824146
-1.62,-0.0012773116038929187
-1.605,-0.0009161721463945151
-1.59,-0.000547590318250525
-1.575,-0.0001745602320729361
-1.56,0.0001998878648487911
-1.545,0.0005727122062529384
-1.53,0.000940884216183177
-1.515,0.0013014131111169873
-1.5,0.0016513701950935482
-1.485,0.001987912650483842
-1.47,0.002308306631142413
-1.455,0.00260994947034765
-1.44,0.002890390823128049
-1.425,0.0031473525712282617
-1.41,0.0033787473290203492
-1.395,0.003582695400030551
-1.38,0.003757540046338071
-1.365,0.00390186094680747
-1.35,0.004014485734829019
-1.335,0.0040944995218420545
-1.32,0.004141252329278624
-1.305,0.004154364368555291
-1.29,0.004133729126221934
-1.275,0.004079514229205883
-1.26,0.003992160083122716
-1.245,0.003872376294715161
-1.23,0.0037211359074818297
-1.215,0.003539667497321702
-1.2,0.0033294451924040193
-1.185,0.003092176698335564
-1.17,0.00282978942590078
-1.155,0.002544414834063841
-1.14,0.002238371115419483
-1.125,0.001914144364744628
-1.11,0.0015743683836247496
-1.095,0.0012218032852087859
-1.08,0.0008593130728933117
-1.065,0.0004898423750716506
-1.05,0.00011639252493942798
-1.035,-0.0002580028203318774
-1.02,-0.0006303023229997141
-1.005,-0.0009974816705471442
-0.99,-0.0013565581431778724
-0.975,-0.001704614843439882
-0.96,-0.002038824391152251
-0.945,-0.0023564718911534455
-0.93,-0.0026549769872964714
-0.915,-0.002931914823538902
-0.9,-0.0031850357418538883
-0.885,-0.0034122835569495454
-0.87,-0.003611812259345017
-0.855,-0.00378200101111862
-0.84,-0.003921467312512648
-0.825,-0.004029078232438082
-0.81,-0.00410395961165012
-0.795,-0.004145503163834079
-0.78,-0.004153371416917153
-0.765,-0.004127500454466163
-0.75,-0.004068100434901963
-0.735,-0.003975653884312792
-0.72,-0.003850911776734588
-0.705,-0.003694887433739462
-0.69,-0.003508848292888
-0.675,-0.0032943056119129972
-0.66,-0.003053002192270918
-0.645,-0.002786898221786829
-0.63,-0.0024981553513976217
-0.615,-0.0021891191353434754
-0.6,-0.001862299977451701
-0.585,-0.0015203527382926449
-0.57,-0.0011660551688654787
-0.555,-0.0008022853460042201
-0.54,-0.00043199829280367145
-0.525,-5.820197398534424e-5
-0.51,0.0003160671387990592
-0.495,0.0006877687332354204
-0.48,0.0010538833538139404
-0.465,0.0014114369298691418
-0.45,0.0017575249349437144
-0.435,0.0020893359812216247
-0.42,0.002404174657365144
-0.405,0.002699483424236406
-0.39,0.0029728633906372904
-0.375,0.0032220938002994
-0.36,0.003445150071824844
-0.345,0.0036402202450333747
-0.33,0.003805719700116769
-0.315,0.003940304030031855
-0.3,0.004042879961565448
-0.285,0.004112614236355793
-0.27,0.004148940379726997
-0.255,0.004151563302350971
-0.24,0.004120461697356054
-0.225,0.0040558882134098095
-0.21,0.003958367402369983
-0.195,0.003828691458175532
-0.18,0.0036679137815921444
-0.165,0.003477340423087934
-0.15,0.0032585194733516904
-0.135,0.0030132284876380334
-0.12,0.002743460046095669
-0.105,0.002451405567377024
-0.09,0.0021394375070166653
-0.075,0.001810090085186998
-0.06,0.0014660387003860805
-0.045,0.0011100781962870099
-0.03,0.0007451001582944756
-0.015,0.0003740694242360973
0.015,-7.457269188437416e-5
0.03,-0.00014912135556211303
0.045,-0.0002236219705687548
0.06,-0.0002980505319216898
0.075,-0.0003723830578548511
0.09,-0.00044659559754592397
0.105,-0.0005206642388335855
0.12,-0.0005945651159222869
0.135,-0.0006682744170720955
0.15,-0.0007417683922711204
0.165,-0.0008150233608880489
0.18,-0.0008880157193023261
0.195,-0.0009607219485095223
0.21,-0.0010331186216994345
0.225,-0.0011051824118044852
0.24,-0.0011768900990159759
0.255,-0.0012482185782657904
0.27,-0.0013191448666711192
0.285,-0.0013896461109398166
0.3,-0.0014596995947340047
0.315,-0.0015292827459895458
0.33,-0.00159837314418903
0.345,-0.0016669485275859317
0.36,-0.001734986800377609
0.375,-0.0018024660398248337
0.39,-0.0018693645033155573
0.405,-0.0019356606353706396
0.42,-0.0020013330745892797
0.435,-0.0020663606605319136
0.45,-0.002130722440538357
0.465,-0.002194397676479004
0.48,-0.0022573658514368957
0.495,-0.002319606676318518
0.51,-0.002381100096391184
0.525,-0.00244182629774491
0.54,-0.0025017657136766937
0.555,-0.002560899030995133
0.57,-0.0026192071962433706
0.585,-0.002676671421838343
0.6,-0.0027332731921243616
0.615,-0.0027889942693390753
0.63,-0.002843816699489899
0.645,-0.0028977228181389977
0.66,-0.0029506952560949817
0.675,-0.0030027169450094647
0.69,-0.0030537711228766883
0.705,-0.00310384133943444
0.72,-0.003152911461464524
0.735,-0.003200965677991072
0.75,-0.00324798850537503
0.765,-0.0032939647923031705
0.78,-0.0033388797246700253
0.795,-0.003382718830351166
0.81,-0.003425467983866294
0.825,-0.0034671134109306384
0.84,-0.003507641692893194
0.855,-0.0035470397710603706
0.87,-0.003585294950903657
0.885,-0.0036223949061499508
0.9,-0.0036583276827532297
0.915,-0.0036930817027462856
0.93,-0.0037266457679712853
0.945,-0.003759009063687948
0.96,-0.003790161162058185
0.975,-0.0038200920255060697
0.99,-0.0038487920099520676
1.005,-0.0038762518679204697
1.02,-0.0039024627515190425
1.035,-0.003927416215289919
1.05,-0.003951104218930832
1.065,-0.003973519129885789
1.08,-0.003994653725804377
1.095,-0.0040145011968688825
1.11,-0.0040330551479885075
1.125,-0.004050309600859931
1.14,-0.0040662589958935964
1.155,-0.004080898194005077
1.17,-0.0040942224782709495
1.185,-0.004106227555448638
1.2,-0.004116909557359756
1.215,-0.004126265042136473
1.23,-0.004134290995330528
1.245,-0.004140984830884518
1.26,-0.0041463443919651614
1.275,-0.004150367951658251
1.29,-0.0041530542135250845
1.305,-0.0041544023120202
1.32,-0.0041544118127702576
1.335,-0.004153082712714002
1.35,-0.004150415440103251
1.365,-0.004146410854364904
1.38,-0.004141070245824029
1.395,-0.004134395335288098
1.41,-0.004126388273492532
1.425,-0.0041170516404076965
1.44,-0.004106388444407616
1.455,-0.004094402121300631
1.47,-0.004081096533222347
1.485,-0.004066475967391202
1.5,-0.00405054513472708
1.515,-0.004033309168333394
1.53,-0.004014773621843134
1.545,-0.003994944467629433
1.56,-0.003973828094881183
1.575,-0.003951431307544374
1.59,-0.0039277613221297735
1.605,-0.003902825765387689
1.62,-0.0038766326718505306
1.635,-0.003849190481243996
1.65,-0.003820508035767684
1.665,-0.0037905945772460405
1.68,-0.0037594597441505265
1.695,-0.003727113568493989
1.71,-0.003693566472598235
1.725,-0.003658829265735822
1.74,-0.003622913140647195
1.755,-0.0035858296699342465
1.77,-0.003547590802331484
1.785,-0.0035082088588560163
1.8,-0.0034676965288375603
1.815,-0.003426066865829805
1.83,-0.0033833332834043864
1.845,-0.0033395095508288886
1.86,-0.003294609788630209
1.875,-0.003248648464044772
1.89,-0.0032016403863569984
1.905,-0.0031536007021275895
1.92,-0.0031045448903131204
1.935,-0.0030544887572785356
1.95,-0.0030034484317041582
1.965,-0.0029514403593888226
1.98,-0.002898481297950861
1.995,-0.0028445883114285825
2.01,-0.0027897787647820542
2.025,-0.0027340703182978893
2.04,-0.002677480921898904
2.055,-0.0026200288093604328
2.07,-0.002561732492435199
2.085,-0.0025026107548885915
2.1,-0.00244268264644633
2.115,-0.0023819674766564053
2.13,-0.0023204848086673256
2.145,-0.002258254452924621
2.16,-0.0021952964607876956
2.175,-0.002131631118069044
2.19,-0.002067278938497906
2.205,-0.002002260657110516
2.22,-0.0019365972235690172
2.235,-0.001870309795411243
2.25,-0.0018034197312334908
2.265,-0.0017359485838085438
2.28,-0.0016679180931411042
2.295,-0.0015993501794629077
2.31,-0.0015302669361697647
2.325,-0.001460690622702803
2.34,-0.0013906436573762205
2.355,-0.0013201486101538228
2.37,-0.0012492281953767274
2.385,-0.0011779052644445285
2.4,-0.0011062027984522973
2.415,-0.0010341439007858166
2.43,-0.0009617517896773802
2.445,-0.0008890497907246099
2.46,-0.0008160613293746699
2.475,-0.0007428099233763096
2.49,-0.0006693191752021661
2.505,-0.0005956127644437663
2.52,-0.0005217144401816827
2.535,-0.0004476480133332967
2.55,-0.0003734373489806404
2.565,-0.0002991063586807751
2.58,-0.00022467899276122164
2.595,-0.00015017923260286225
2.61,-7.563108291286616e-5
2.625,-1.0585639900767335e-6
2.64,7.351429601459549e-5
2.655,0.00014806346884034487
2.67,0.0002225649338586615
2.685,0.00029699468581304646
2.7,0.0003713287425538087
2.715,0.0004455431527653873
2.73,0.000519614003683761
2.745,0.000593517428801406
2.76,0.0006672296155573843
2.775,0.0007407268130100329
2.79,0.0008139853394897902
2.805,0.0008869815902297119
2.82,0.000959692044971215
2.835,0.0010320932755425848
2.85,0.0011041619534077948
2.865,0.0011758748571832557
2.88,0.00124720888012001
2.895,0.0013181410375490109
2.91,0.0013886484742870397
2.925,0.0014587084720009303
2.94,0.0015282984565276867
2.955,0.0015973960051481378
2.97,0.001665978853811804
2.985,0.0017340249043106461
3.0,0.0018015122313993707
3.015,0.0018684190898599908
3.03,0.001934723921508407
3.045,0.00200040536214071
3.06,0.0020654422484169726
3.075,0.00212981362468033
3.09,0.0021934987497091475
3.105,0.0022564771034000886
3.12,0.00231872839337993
3.135,0.002380232561544002
3.15,0.002440969790519163
3.165,0.002500920510049177
3.18,0.0025600654033004914
3.195,0.002618385413086342
3.21,0.0026758617480072177
3.225,0.002732475888505661
3.24,0.0027882095928334896
3.255,0.0028430449029295123
3.27,0.0028969641502058253
3.285,0.0029499499612408403
3.3,0.003001985263377201
3.315,0.0030530532902228132
3.33,0.0031031375870531563
3.345,0.003152222016113204
3.36,0.0032002907618171894
3.375,0.0032473283358445933
3.39,0.0032933195821306374
3.405,0.003338249681749771
3.42,0.003382104157690502
3.435,0.0034248688795200503
3.45,0.003466530067937346
3.465,0.0035070742992128886
3.48,0.0035464885095140355
3.495,0.003584759999114305
3.51,0.0036218764364853977
3.525,0.0036578258622705583
3.54,0.0036925966931380147
3.555,0.003726177725513267
3.57,0.003758558139189017
3.585,0.0037897275008115703
3.6,0.0038196757672425744
3.615,0.003848393288795044
3.63,0.0038758708123426073
3.645,0.003902099484300974
3.66,0.003927070853480655
3.675,0.003950776873810046
3.69,0.003973209906927965
3.705,0.003994362724644824
3.72,0.004014228511271629
3.735,0.004032800865816088
3.75,0.004050073804045082
3.765,0.004066041760412852
3.78,0.004080699589854287
3.795,0.004094042569442728
3.81,0.004106066399911747
3.825,0.0041167672070404225
3.84,0.004126141542901658
3.855,0.004134186386973153
3.87,0.004140899147110638
3.885,0.004146277660383104
3.9,0.004150320193769724
3.915,0.004153025444718249
3.93,0.004154392541564705
3.945,0.0041544210438142605
3.96,0.004153110942283151
3.975,0.004150462659101643
3.99,0.004146477047578018
4.005,0.004141155391923625
4.02,0.0041344994068390935
4.035,0.004126511236961836
4.05,0.00411719345617502
4.065,0.004106549066778234
4.08,0.0040945814985201105
4.095,0.004081294607493218
4.11,0.004066692674891582
4.125,0.0040507804056312425
4.14,0.004033562926834258
4.155,0.0040150457861766985
4.17,0.003995234950101118
4.185,0.003974136801894089
4.2,0.003951758139629435
4.215,0.003928106173977814
4.23,0.0039031885258833457
4.245,0.0038770132241080692
4.26,0.0038495887026449593
4.275,0.003820923798000408
4.29,0.0037910277463470005
4.305,0.0037599101805474936
4.32,0.0037275811270510092
4.335,0.0036940510026623914
4.35,0.0036593306111857753
4.365,0.0036234311399434894
4.38,0.0035863641561713583
4.395,0.003548141603291604
4.41,0.0035087757970645337
4.425,0.003468279421620256
4.44,0.0034266655253717008
4.455,0.0033839475168102764
4.47,0.003340139160185473
4.485,0.0032952545710698794
4.5,0.003249308211810973
4.515,0.0032023148868711667
4.53,0.0031542897380576517
4.545,0.00310524823964352
4.56,0.0030552061933817698
4.575,0.003004179723413794
4.59,0.002952185271073992
4.605,0.002899239589592171
4.62,0.002845359738695472
4.635,0.002790563079111494
4.65,0.0027348672669744896
4.665,0.0026782902481363455
4.68,0.002620850252384193
4.695,0.00256256578756658
4.71,0.0025034556336300112
4.725,0.0024435388365678275
4.74,0.0023828347022833607
4.755,0.0023213627903693437
4.77,0.0022591429078055772
4.785,0.0021961951025768764
4.8,0.0021325396572133967
4.815,0.00206819708225533
4.83,0.0020031881096441995
4.845,0.0019375336860427415
4.86,0.0018712549660856786
4.875,0.001804373305563427
4.89,0.0017369102545410104
4.905,0.0016688875504143749
4.92,0.0016003271109063402
4.935,0.0015312510270044531
4.95,0.0014616815558429921
4.965,0.0013916411135314888
4.98,0.001321152267931957
4.995,0.0012502377313872762
5.01,0.0011789203534030028
5.025,0.001107223113284987
5.04,0.001035169112735168
5.055,0.0009627815684079321
5.07,0.0008900838044294299
5.085,0.000817099244882267
5.1,0.0007438514062579889
5.115,0.0006703638898797714
5.13,0.0005966603742978299
5.145,0.000522764607659876
5.16,0.00044870040005918354
5.175,0.0003744916158627259
5.19,0.0003001621660217575
5.205,0.0002257360003674395
5.22,0.00015123709989392004
5.235,7.668946903135469e-5
5.25,2.1171279114310747e-6
5.265,-7.245589537223597e-5
5.28,-0.00014700557250624144
5.295,-0.00022150788269956477
5.31,-0.00029593882042338714
5.325,-0.00037027440314595767
5.34,-0.00044449067906001684
5.355,-0.0005185637348003899
5.37,-0.0005924697031491389
5.385,-0.0006661847707258631
5.4,-0.0007396851856606719
5.415,-0.0008129472652472817
5.43,-0.000885947403573899
5.445,-0.0009586620791293246
5.46,-0.0010310678623818316
5.475,-0.001103141423328471
5.49,-0.0011748595390122755
5.505,-0.0012461991010049398
5.52,-0.0013171371228526626
5.535,-0.0013876507474826552
5.55,-0.0014577172545679256
5.565,-0.0015273140678480916
5.58,-0.0015964187624036659
5.595,-0.0016650090718816678
5.61,-0.0017330628956701045
5.625,-0.0018005583060190223
5.64,-0.0018674735551059158
5.655,-0.001933787082043137
5.67,-0.001999477519825037
5.685,-0.0020645237022127016
5.7,-0.0021289046705539605
5.715,-0.0021925996805364856
5.73,-0.0022555882088719
5.745,-0.0023178499599085796
5.76,-0.0023793648721711826
5.775,-0.0024401131248246964
5.79,-0.0025000751440609164
5.805,-0.002559231609405391
5.82,-0.0026175634599427014
5.835,-0.0026750519004580925
5.85,-0.0027316784074935432
5.865,-0.002787424735316235
5.88,-0.0028422729217975266
5.895,-0.0028962052942005964
5.91,-0.0029492044748747823
5.925,-0.003001253386854869
5.94,-0.0030523352593635152
5.955,-0.0031024336332149565
5.97,-0.0031515323661183833
5.985,-0.003199615637879171
6.0,-0.0032466679554963187
6.015,-0.0032926741581544945
6.03,-0.0033376194221090344
6.045,-0.0033814892654623024
6.06,-0.0034242695528299643
6.075,-0.0034659464998955526
6.09,-0.003506506677851937
6.105,-0.003545937017728266
6.12,-0.003584224814600919
6.135,-0.003621357731687198
6.15,-0.003657323804320391
6.165,-0.0036921114438049065
6.18,-0.003725709441150318
6.195,-0.003758106970683011
6.21,-0.003789293593534351
6.225,-0.003819259261004218
6.24,-0.0038479943177988085
6.255,-0.003875489505141682
6.27,-0.0039017359637570654
6.285,-0.0039267252367243995
6.3,-0.003950449272203264
6.315,-0.0039729004260277865
6.33,-0.003994071464169665
6.345,-0.0040139555650690745
6.36,-0.004032546321832646
6.375,-0.0040498377442978436
6.39,-0.004065824260963071
6.405,-0.004080500720782869
6.42,-0.004093862394827648
6.435,-0.004105904977807405
6.45,-0.004116624589458937
6.465,-0.004126017775796107
6.48,-0.004134081510222767
6.495,-0.00414081319450795
6.51,-0.004146210659623065
6.525,-0.0041502721664407735
6.54,-0.004152996406295362
6.555,-0.004154382501404407
6.57,-0.004154430005151609
6.585,-0.004153138902230698
6.6,-0.004150509608650361
6.615,-0.004146542971600204
6.63,-0.004141240269177778
6.645,-0.0041346032099767544
6.66,-0.004126633932536401
6.675,-0.004117335004652519
6.69,-0.004106709422550066
6.705,-0.004094760609917743
6.72,-0.004081492416804833
6.735,-0.00406690911838067
6.75,-0.00405101541355714
6.765,-0.004033816423474623
6.78,-0.004015317689851905
6.795,-0.0039955251732005734
6.81,-0.003974445250904466
6.825,-0.003952084715164798
6.84,-0.003928450770811651
6.855,-0.0039035510329824647
6.87,-0.0038773935246683767
6.885,-0.0038499866741291034
6.9,-0.0038213393121772515
6.915,-0.0037914606693329423
6.93,-0.00376036037284961
6.945,-0.0037280484436119934
6.96,-0.0036945352929072966
6.975,-0.0036598317190705406
6.99,-0.0036239489040052015
7.005,-0.0035868984095802935
7.02,-0.003548692173904971
7.035,-0.0035093425074819414
7.05,-0.003468862089240884
7.065,-0.003427263962453122
7.08,-0.0033845615305289544
7.095,-0.0033407685526989053
7.11,-0.0032958991395803227
7.125,-0.0032499677486308026
7.14,-0.003202989179489791
7.155,-0.0031549785692099796
7.17,-0.0031059513873799805
7.185,-0.00305592343113981
7.2,-0.003004910820090894
7.215,-0.0029529299911021274
7.23,-0.0028999976930137055
7.245,-0.0028461309812404826
7.26,-0.00279134721227648
7.275,-0.002735664038102433
7.29,-0.0026790994004981246
7.305,-0.0026216715252613187
7.32,-0.002563398916335176
7.335,-0.002504300349846103
7.35,-0.0024443948680538223
7.365,-0.002383701773215745
7.38,-0.0023222406213675756
7.395,-0.002260031216022079
7.41,-0.0021970936017882002
7.425,-0.002133448057912433
7.44,-0.002069115091744587
7.455,-0.00200411543213012
7.47,-0.001938470022731016
7.485,-0.001872200015277503
7.5,-0.001805326762752739
7.515,-0.001737871812512578
7.53,-0.0016698568993428042
7.545,-0.0016013039384559049
7.56,-0.0015322350184297168
7.575,-0.001462672394090236
7.59,-0.0013926384793408702
7.605,-0.0013221558399403644
7.62,-0.0012512471862319017
7.635,-0.001179935365825504
7.65,-0.0011082433562363114
7.665,-0.001036194257480932
7.68,-0.0009638112846343282
7.695,-0.0008911177603496582
7.71,-0.0008181371073434622
7.725,-0.000744892840848534
7.74,-0.0006714085610370849
7.755,-0.0005977079454164663
7.77,-0.0005238147411999809
7.785,-0.00044975275765526333
7.8,-0.00037554585843267344
7.815,-0.00030121795387609367
7.83,-0.00022679299331879085
7.845,-0.00015229495736659822
7.86,-7.774785017113077e-5
7.875,-3.1756916953406364e-6
7.89,7.139749002601482e-5
7.905,0.0001459476666284764
7.92,0.00022045081716008522
7.935,0.00029488293582127014
7.95,0.00036922003969974254
7.965,0.00044343817649813413
7.98,0.0005175134322516602
7.995,0.000591421939033505
8.01,0.0006651398826453655
8.025,0.0007386435102906548
8.04,0.0008119091382279122
8.055,0.0008849131594020381
8.07,0.0009576320510507156
8.085,0.001030042382283746
8.1,0.0011021208216327745
8.115,0.0011738441445689504
8.13,0.0012451892409861339
8.145,0.0013161331226472592
8.16,0.001386652930591433
8.175,0.0014567259424993469
8.19,0.0015263295800146592
8.205,0.001595441416019058
8.22,0.0016640391818584955
8.235,0.0017321007745184276
8.25,0.0017996042637457143
8.265,0.001866527899114727
8.28,0.0019328501170356412
8.295,0.0019985495477024932
8.31,0.0020636050219787466
8.325,0.002127995578218254
8.34,0.0021917004690193884
8.355,0.002254699167910033
8.37,0.0023169713759614917
8.385,0.002378497028329061
8.4,0.0024392563007171178
8.415,0.0024992296157667834
8.43,0.0025583976493639667
8.445,0.0026167413368658058
8.46,0.0026742418792435447
8.475,0.002730880749139785
8.49,0.0027866396968382642
8.505,0.0028415007561440656
8.52,0.002895446250172578
8.535,0.0029484587970452056
8.55,0.003000521315489989
8.565,0.003051617030345401
8.58,0.003101729477965537
8.595,0.003150842511524842
8.61,0.003198940306220838
8.625,0.003246007364373079
8.64,0.0032920285204166523
8.655,0.00333698894578872
8.67,0.003380874153706485
8.685,0.0034236700038349516
8.7,0.0034653627068431422
8.715,0.0035059388288471893
8.73,0.0035453852957388642
8.745,0.003583689397398239
8.76,0.0036208387917890253
8.775,0.0036568215089353177
8.79,0.0036916259547784686
8.805,0.003725240914912841
8.82,0.003757655558199214
8.835,0.0037888594402546976
8.85,0.003818842506818045
8.865,0.0038475950969892626
8.88,0.0038751079463424515
8.895,0.0039013721899109183
8.91,0.0039263793650435915
8.925,0.003950121414131759
8.94,0.003972590687205342
8.955,0.003993779944397812
8.97,0.004013682358278943
8.985,0.004032291516054704
9.0,0.0040496014216335405
9.015,0.004065606497558375
9.03,0.004080301586803733
9.045,0.004093681954437406
9.06,0.004105743289146091
9.075,0.004116481704624557
9.09,0.004125893740827853
9.105,0.004133976365086177
9.12,0.004140726973082036
9.135,0.004146143389689393
9.15,0.004150223869674515
9.165,0.004152967098258309
9.18,0.0041543721915399566
9.195,0.004154438696781722
9.21,0.004153166592554827
9.225,0.004150556288746356
9.24,0.004146608626427186
9.255,0.004141324877580978
9.27,0.004134706744694343
9.285,0.004126756360208262
9.3,0.004117476285831003
9.315,0.004106869511712703
9.33,0.004094939455481901
9.345,0.004081689961144347
9.36,0.004067125297844413
9.375,0.0040512501584895185
9.39,0.004034069658238036
9.405,0.004015589332851104
9.42,0.003995815136908958
9.435,0.003974753441892284
9.45,0.003952411034129261
9.465,0.0039287951126089115
9.48,0.003903913286661509
9.495,0.0038777735735067704
9.51,0.0038503843956705936
9.525,0.0038217545782712387
9.54,0.003791893346175764
9.555,0.0037608103210276444
9.57,0.0037285155181466
9.585,0.0036950193433015147
9.6,0.0036603325893575863
9.615,0.003624466432798722
9.63,0.003587432430126364
9.645,0.00354924251413584
9.66,0.003509908990071448
9.675,0.003469444531661609
9.69,0.003427862177035212
9.705,0.0033851753245205648
9.72,0.003341397728328324
9.735,0.003296543494119698
9.75,0.0032506270744614434
9.765,0.003203663264169086
9.78,0.003155667195539853
9.795,0.0031066543334768485
9.81,0.0030566404705060952
9.825,0.0030056417216880052
9.84,0.0029536745194248823
9.855,0.002900755608166245
9.87,0.0028469020390135516
9.885,0.0027921311642261004
9.9,0.0027364606316299844
9.915,0.0026799083789317214
9.93,0.0026224926279384943
9.945,0.0025642318786869055
9.96,0.002505144903482028
9.975,0.0024452507408487347
9.99,0.00238456868939727
10.005,0.0023231183016050204
10.02,0.002260919377516465
10.035,0.002197991958363343
10.05,0.0021343563201071795
10.065,0.002070032966906081
10.08,0.002005042624508076
10.095,0.0019394062335730416
10.11,0.0018731449429253634
10.125,0.0018062801027395217
10.14,0.0017388332576608215
10.155,0.0016708261398634744
10.17,0.001602280662048186
10.185,0.0015332189103816718
10.2,0.001463663137380218
10.215,0.0013936357547396085
10.23,0.001323159326113893
10.245,0.0012522565598450624
10.26,0.0011809503016461356
10.275,0.0011092635272400436
10.29,0.001037219334956563
10.305,0.0009648409382897117
10.32,0.0008921516584181698
10.335,0.0008191749166908626
10.35,0.0007459342270803455
10.365,0.0006724531886063005
10.38,0.0005987554777316671
10.395,0.0005248648407338261
10.41,0.0004508050860532165
10.425,0.00037660007662202453
10.44,0.0003022737221752487
10.455,0.00022784997154664787
10.47,0.00015335280495223135
10.485,7.88062262634968e-5
10.5,4.23425527308304e-6
10.515,-7.033908004464782e-5
10.53,-0.00014488975127572388
10.545,-0.0002193937373088553
10.56,-0.0002938270320752329
10.575,-0.00036816565228362034
10.59,-0.00044238564514807006
10.605,-0.0005164630961057505
10.62,-0.000590374136522518
10.635,-0.0006640949513837242
10.65,-0.0007376017869676094
10.665,-0.0008108709584990847
10.68,-0.000883878857781262
10.695,-0.000956601960802245
10.71,-0.0010290168353149023
10.725,-0.0011011001483869588
10.74,-0.0011728286739192
10.755,-0.0012441793001291474
10.77,-0.0013151290369979639
10.785,-0.0013856550236781588
10.8,-0.0014557345358595412
10.815,-0.0015253449930913113
10.83,-0.0015944639660577635
10.845,-0.0016630691838052359
10.86,-0.0017311385409180913
10.875,-0.0017986501046413908
10.89,-0.0018655821219478073
10.905,-0.0019319130265467563
10.92,-0.0019976214458333236
10.935,-0.002062686207774733
10.95,-0.00212708634773224
10.965,-0.0021908011152162324
10.98,-0.002253809980572206
10.995,-0.0023160926415957107
11.01,-0.0023776290300739707
11.025,-0.0024383993182520605
11.04,-0.002498383925221684
11.055,-0.0025575635232303576
11.07,-0.00261591904390903
11.085,-0.002673431684416155
11.1,-0.0027300829134961737
11.115,-0.0027858544774505473
11.13,-0.002840728406019252
11.145,-0.002894687018171046
11.16,-0.0029477129278005208
11.175,-0.002999789049330076
11.19,-0.0030508986032151096
11.205,-0.0031010251213506182
11.22,-0.003150152452377359
11.235,-0.0031982647668860405
11.25,-0.00324534656251776
11.265,-0.003291382668959015
11.28,-0.003336358252829771
11.295,-0.0033802588224629837
11.31,-0.0034230702325739296
11.325,-0.0034647786888180195
11.34,-0.0035053707522355072
11.355,-0.003544833343581651
11.37,-0.003583153747541033
11.385,-0.003620319616824569
11.4,-0.003656318976147948
11.415,-0.0036911402260902163
11.43,-0.003724772146831256
11.445,-0.0037572039017669365
11.46,-0.003788425041000792
11.475,-0.0038184255047111087
11.49,-0.003847195626392325
11.505,-0.003874726135969681
11.52,-0.0039010081627861497
11.535,-0.003926033238460686
11.55,-0.0039497932996168114
11.565,-0.0039722806904807445
11.58,-0.003993488165348187
11.595,-0.004013408890918967
11.61,-0.004032036448498805
11.625,-0.004049364836067515
11.64,-0.0040653884702129
11.655,-0.004080102187929808
11.67,-0.004093501248283715
11.685,-0.004105581333938302
11.7,-0.004116338552546561
11.715,-0.00412576943800495
11.73,-0.004133870951570209
11.745,-0.0041406404828384915
11.76,-0.004146075850586455
11.775,-0.004150175303474086
11.79,-0.004152937520608992
11.805,-0.004154361611972024
11.82,-0.004154447118704036
11.835,-0.0041531940132537425
11.85,-0.0041506026993866005
11.865,-0.004146674012054698
11.88,-0.004141409217127734
11.895,-0.004134810010985138
11.91,-0.004126878519969472
11.925,-0.004117617299701303
11.94,-0.00410702933425575
11.955,-0.004095118035200973
11.97,-0.0040818872404989395
11.985,-0.004067341213268775
12.0,-0.0040514846404131385
12.015,-0.004034322631108053
12.03,-0.004015860715156657
12.045,-0.003996104841207446
12.06,-0.003975061374837543
12.075,-0.0039527370965016404
12.09,-0.0039291391993472435
12.105,-0.0039042752868969615
12.12,-0.0038781533705985706
12.135,-0.003850781867243609
12.15,-0.00382216959625541
12.165,-0.00379232577684737
12.18,-0.0037612600250523888
12.195,-0.003728982350624507
12.21,-0.003695503153813618
12.225,-0.0036608332220143956
12.24,-0.0036249837262904514
12.255,-0.0035879662177749133
12.27,-0.0035497926239484836
12.285,-0.003510475244796278
12.3,-0.003470026748844631
12.315,-0.0034284601690791365
12.33,-0.0033857888987452603
12.345,-0.003342026687032884
12.36,-0.0032971876346461646
12.375,-0.003251286189260091
12.39,-0.0032043371408653027
12.405,-0.003156355617002571
12.42,-0.003107357077888491
12.435,-0.003057357311434075
12.45,-0.003006372428157664
12.465,-0.002954418855993922
12.48,-0.0029015133350005855
12.495,-0.0028476729119646118
12.51,-0.002792914934909463
12.525,-0.0027372570475054318
12.54,-0.002680717183384603
12.555,-0.002623313560362413
12.57,-0.002565064674567689
12.585,-0.002505989294482957
12.6,-0.0024461064548970037
12.615,-0.0023854354507716535
12.63,-0.002323995831024715
12.645,-0.002261807392231072
12.66,-0.0021988901722439867
12.675,-0.002135264443738671
12.69,-0.002070950707680212
12.705,-0.0020059696867178733
12.72,-0.0019403423185080553
12.735,-0.0018740897489679215
12.75,-0.0018072333254618874
12.765,-0.0017397945899233238
12.78,-0.0016717952719134453
12.795,-0.001603257281619774
12.81,-0.0015342027027964566
12.825,-0.0014646537856486041
12.84,-0.0013946329396629634
12.855,-0.001324162726387396
12.87,-0.001253265852161233
12.885,-0.0011819651607990075
12.9,-0.0011102836262299495
12.915,-0.0010382443450954982
12.93,-0.0009658705293072406
12.945,-0.0008931854985678435
12.96,-0.0008202126728571115
12.975,-0.0007469755648858126
12.99,-0.0006734977725195824
13.005,-0.000599802971175426
13.02,-0.0005259149061932386
13.035,-0.0004518573851847256
13.05,-0.0003776542703623574
13.065,-0.00030332947085066696
13.08,-0.00022890693498239475
13.095,-0.00015441064258213988
13.11,-7.986459723972413e-5
13.125,-5.292818575935919e-6
13.14,6.92806654968326e-5
13.155,0.00014383182651667888
13.17,0.0002183366432144973
13.185,0.00029277110925382874
13.2,0.0003671112409660388
13.215,0.0004413330850781552
13.23,0.0005154127264308528
13.245,0.0005893262956842164
13.26,0.0006630499770087766
13.275,0.000736560015759165
13.29,0.0008098327261281945
13.305,0.0008828444987787216
13.32,0.0009555718084508047
13.335,0.0010279912215418797
13.35,0.001100079403657287
13.365,0.0011718131271289494
13.38,0.0012431692784995497
13.395,0.001314124865969979
13.41,0.0013846570268076133
13.425,0.001454743034712875
13.44,0.0015243603071419577
13.455,0.0015934864125832322
13.47,0.0016620990777848617
13.485,0.0017301761949315645
13.5,0.001797695828767999
13.515,0.0018646362236665662
13.53,0.001930975810637315
13.545,0.001996693214277781
13.56,0.0020617672596603166
13.575,0.002126176979154941
13.59,0.0021899016191854028
13.605,0.0022529206469161455
13.62,0.002315213756868275
13.635,0.002376760877462259
13.65,0.002437542177485157
13.665,0.002497538072480519
13.68,0.002556729231058709
13.695,0.0026150965811257516
13.71,0.00267262131602852
13.725,0.0027292849006145072
13.74,0.0027850690772040633
13.755,0.0028399558714732333
13.77,0.0028939275982452902
13.785,0.0029469668671891483
13.8,0.002999056588422674
13.815,0.0030501799780192768
13.83,0.0031003205634159248
13.845,0.0031494621887207352
13.86,0.0031975890199186273
13.875,0.0032446855499732564
13.89,0.003290736603823511
13.905,0.003335727343273132
13.92,0.003379643271771749
13.935,0.003422470239085832
13.95,0.003464194445858097
13.965,0.003504802448053772
13.98,0.0035442811612924623
13.995,0.0035826178650640713
14.01,0.003619800206827534
14.025,0.003655816205990908
14.04,0.0036906542577716805
14.055,0.0037243031369359925
14.07,0.003756752001415499
14.085,0.003787990395800838
14.1,0.0038180082547104787
14.115,0.0038467959060339263
14.13,0.003874344074048158
14.145,0.0039006438824063937
14.16,0.003925686856998156
14.175,0.003949464928679726
14.19,0.0039719704358741155
14.205,0.003993196127039736
14.22,0.0040131351630069015
14.235,0.004031781119181509
14.25,0.004049127987615126
14.265,0.004065170178940801
14.28,0.004079902524174037
14.295,0.004093320276378307
14.31,0.004105419112194553
14.325,0.004116195133234243
14.34,0.004125644867335464
14.355,0.004133765269681708
14.37,0.004140553723782934
14.385,0.004146008042318639
14.4,0.004150126467842637
14.415,0.004152907673349333
14.43,0.004154350762701296
14.445,0.004154455270918002
14.46,0.0041532211643256645
14.475,0.0041506488405680785
14.49,0.004146739128478496
14.505,0.004141493287812568
14.52,0.004134913008842435
14.535,0.0041270004118121005
14.55,0.004117758046254263
14.565,0.00410718889016883
14.58,0.004095296349063365
14.595,0.004082084254855802
14.61,0.004067556864639741
14.625,0.0040517188593127765
14.64,0.004034575342068251
14.655,0.004016131836750948
14.67,0.003996394286077231
14.685,0.003975369049720249
14.7,0.00395306290226077
14.715,0.003929483031004308
14.73,0.0039046370336653217
14.745,0.0038785329159191258
14.76,0.003851179088822349
14.775,0.0038225843661028255
14.79,0.0037927579613196865
14.805,0.0037617094848946446
14.82,0.0037294489410154047
14.835,0.0036959867244122013
14.85,0.0036613336170084666
14.865,0.003625500784446807
14.88,0.0035884997724912717
14.895,0.003550342503307189
14.91,0.0035110412716196702
14.925,0.0034706087407521463
14.94,0.0034290579385460778
14.955,0.003386402253163201
14.97,0.0033426554287717524
14.985,0.0032978315611179123
15.0,0.003251945092983961
