-15.0,1.9346974322867413e-6
-14.985,1.938504133513738e-6
-14.97,1.9423220222248102e-6
-14.955,1.946151142090444e-6
-14.94,1.9499915369934817e-6
-14.925,1.9538432510303603e-6
-14.91,1.957706328512355e-6
-14.895,1.9615808139668286e-6
-14.88,1.965466752138496e-6
-14.865,1.969364187990691e-6
-14.85,1.9732731667066466e-6
-14.835,1.9771937336907773e-6
-14.82,1.98112593456998e-6
-14.805,1.985069815194935e-6
-14.79,1.9890254216414192e-6
-14.775,1.9929928002116265e-6
-14.76,1.9969719974355054e-6
-14.745,2.0009630600720916e-6
-14.73,2.004966035110861e-6
-14.715,2.00898096977309e-6
-14.7,2.013007911513219e-6
-14.685,2.0170469080202325e-6
-14.67,2.021098007219048e-6
-14.655,2.025161257271907e-6
-14.64,2.0292367065797855e-6
-14.625,2.033324403783808e-6
-14.61,2.0374243977666737e-6
-14.595,2.041536737654089e-6
-14.58,2.0456614728162185e-6
-14.565,2.0497986528691333e-6
-14.55,2.0539483276762804e-6
-14.535,2.0581105473499585e-6
-14.52,2.062285362252802e-6
-14.505,2.066472822999277e-6
-14.49,2.0706729804571896e-6
-14.475,2.0748858857492e-6
-14.46,2.0791115902543513e-6
-14.445,2.0833501456096106e-6
-14.43,2.087601603711412e-6
-14.415,2.09186601671722e-6
-14.4,2.0961434370470993e-6
-14.385,2.100433917385298e-6
-14.37,2.1047375106818377e-6
-14.355,2.1090542701541166e-6
-14.34,2.1133842492885315e-6
-14.325,2.1177275018420932e-6
-14.31,2.122084081844073e-6
-14.295,2.1264540435976513e-6
-14.28,2.1308374416815746e-6
-14.265,2.1352343309518284e-6
-14.25,2.1396447665433303e-6
-14.235,2.1440688038716142e-6
-14.22,2.1485064986345457e-6
-14.205,2.152957906814045e-6
-14.19,2.1574230846778133e-6
-14.175,2.161902088781082e-6
-14.16,2.166394975968369e-6
-14.145,2.1709018033752497e-6
-14.13,2.175422628430138e-6
-14.115,2.1799575088560834e-6
-14.1,2.184506502672577e-6
-14.085,2.189069668197374e-6
-14.07,2.1936470640483284e-6
-14.055,2.1982387491452393e-6
-14.04,2.20284478271171e-6
-14.025,2.2074652242770235e-6
-14.01,2.2121001336780286e-6
-13.995,2.216749571061042e-6
-13.98,2.2214135968837614e-6
-13.965,2.2260922719171946e-6
-13.95,2.2307856572476007e-6
-13.935,2.235493814278446e-6
-13.92,2.2402168047323753e-6
-13.905,2.244954690653196e-6
-13.89,2.2497075344078763e-6
-13.875,2.2544753986885587e-6
-13.86,2.259258346514588e-6
-13.845,2.2640564412345543e-6
-13.83,2.2688697465283492e-6
-13.815,2.273698326409239e-6
-13.8,2.2785422452259517e-6
-13.785,2.283401567664782e-6
-13.77,2.2882763587517034e-6
-13.755,2.2931666838545083e-6
-13.74,2.2980726086849543e-6
-13.725,2.3029941993009267e-6
-13.71,2.307931522108622e-6
-13.695,2.312884643864746e-6
-13.68,2.3178536316787198e-6
-13.665,2.3228385530149163e-6
-13.65,2.3278394756949004e-6
-13.635,2.3328564678996963e-6
-13.62,2.3378895981720572e-6
-13.605,2.3429389354187692e-6
-13.59,2.3480045489129603e-6
-13.575,2.3530865082964287e-6
-13.56,2.3581848835819888e-6
-13.545,2.363299745155841e-6
-13.53,2.368431163779945e-6
-13.515,2.3735792105944242e-6
-13.5,2.3787439571199817e-6
-13.485,2.3839254752603342e-6
-13.47,2.3891238373046647e-6
-13.455,2.3943391159300974e-6
-13.44,2.3995713842041835e-6
-13.425,2.40482071558741e-6
-13.41,2.410087183935728e-6
-13.395,2.4153708635031016e-6
-13.38,2.4206718289440646e-6
-13.365,2.4259901553163153e-6
-13.35,2.4313259180833105e-6
-13.335,2.4366791931168945e-6
-13.32,2.442050056699944e-6
-13.305,2.447438585529025e-6
-13.29,2.4528448567170775e-6
-13.275,2.458268947796122e-6
-13.26,2.4637109367199806e-6
-13.245,2.4691709018670206e-6
-13.23,2.4746489220429215e-6
-13.215,2.4801450764834595e-6
-13.2,2.485659444857315e-6
-13.185,2.491192107268901e-6
-13.17,2.496743144261212e-6
-13.155,2.5023126368186974e-6
-13.14,2.5079006663701536e-6
-13.125,2.513507314791642e-6
-13.11,2.5191326644094206e-6
-13.095,2.5247767980029103e-6
-13.08,2.530439798807677e-6
-13.065,2.5361217505184334e-6
-13.05,2.5418227372920715e-6
-13.035,2.547542843750714e-6
-13.02,2.5532821549847872e-6
-13.005,2.5590407565561237e-6
-12.99,2.5648187345010814e-6
-12.975,2.5706161753336936e-6
-12.96,2.576433166048839e-6
-12.945,2.5822697941254385e-6
-12.93,2.5881261475296725e-6
-12.915,2.5940023147182295e-6
-12.9,2.5998983846415753e-6
-12.885,2.60581444674725e-6
-12.87,2.6117505909831895e-6
-12.855,2.6177069078010667e-6
-12.84,2.623683488159676e-6
-12.825,2.6296804235283243e-6
-12.81,2.6356978058902587e-6
-12.795,2.641735727746122e-6
-12.78,2.64779428211743e-6
-12.765,2.6538735625500794e-6
-12.75,2.659973663117884e-6
-12.735,2.666094678426131e-6
-12.72,2.6722367036151796e-6
-12.705,2.6783998343640756e-6
-12.69,2.684584166894195e-6
-12.675,2.6907897979729227e-6
-12.66,2.6970168249173594e-6
-12.645,2.7032653455980523e-6
-12.63,2.7095354584427566e-6
-12.615,2.7158272624402347e-6
-12.6,2.7221408571440727e-6
-12.585,2.7284763426765372e-6
-12.57,2.7348338197324616e-6
-12.555,2.7412133895831524e-6
-12.54,2.747615154080347e-6
-12.525,2.7540392156601807e-6
-12.51,2.760485677347203e-6
-12.495,2.766954642758414e-6
-12.48,2.77344621610734e-6
-12.465,2.77996050220814e-6
-12.45,2.7864976064797416e-6
-12.435,2.793057634950015e-6
-12.42,2.79964069425998e-6
-12.405,2.806246891668044e-6
-12.39,2.812876335054273e-6
-12.375,2.8195291329247017e-6
-12.36,2.8262053944156764e-6
-12.345,2.8329052292982295e-6
-12.33,2.8396287479824977e-6
-12.315,2.8463760615221656e-6
-12.3,2.853147281618951e-6
-12.285,2.8599425206271284e-6
-12.27,2.8667618915580843e-6
-12.255,2.8736055080849133e-6
-12.24,2.8804734845470475e-6
-12.225,2.8873659359549296e-6
-12.21,2.894282977994718e-6
-12.195,2.901224727033035e-6
-12.18,2.90819130012175e-6
-12.165,2.9151828150028046e-6
-12.15,2.922199390113075e-6
-12.135,2.9292411445892774e-6
-12.12,2.936308198272911e-6
-12.105,2.94340067171524e-6
-12.09,2.950518686182323e-6
-12.075,2.957662363660077e-6
-12.06,2.9648318268593852e-6
-12.045,2.9720271992212486e-6
-12.03,2.9792486049219817e-6
-12.015,2.986496168878444e-6
-12.0,2.993770016753325e-6
-11.985,3.0010702749604595e-6
-11.97,3.0083970706702034e-6
-11.955,3.0157505318148413e-6
-11.94,3.023130787094045e-6
-11.925,3.0305379659803746e-6
-11.91,3.037972198724829e-6
-11.895,3.045433616362441e-6
-11.88,3.0529223507179117e-6
-11.865,3.0604385344113143e-6
-11.85,3.0679823008638138e-6
-11.835,3.0755537843034613e-6
-11.82,3.0831531197710264e-6
-11.805,3.0907804431258763e-6
-11.79,3.0984358910519114e-6
-11.775,3.106119601063539e-6
-11.76,3.113831711511719e-6
-11.745,3.1215723615900316e-6
-11.73,3.1293416913408236e-6
-11.715,3.13713984166139e-6
-11.7,3.144966954310215e-6
-11.685,3.1528231719132565e-6
-11.67,3.1607086379703037e-6
-11.655,3.168623496861369e-6
-11.64,3.176567893853139e-6
-11.625,3.1845419751054913e-6
-11.61,3.1925458876780533e-6
-11.595,3.2005797795368215e-6
-11.58,3.2086437995608466e-6
-11.565,3.21673809754896e-6
-11.55,3.2248628242265683e-6
-11.535,3.2330181312525048e-6
-11.52,3.241204171225937e-6
-11.505,3.24942109769334e-6
-11.49,3.2576690651555174e-6
-11.475,3.2659482290746997e-6
-11.46,3.2742587458816883e-6
-11.445,3.2826007729830736e-6
-11.43,3.2909744687685046e-6
-11.415,3.2993799926180308e-6
-11.4,3.3078175049095045e-6
-11.385,3.316287167026045e-6
-11.37,3.3247891413635726e-6
-11.355,3.3333235913383986e-6
-11.34,3.3418906813948996e-6
-11.325,3.350490577013239e-6
-11.31,3.3591234447171634e-6
-11.295,3.3677894520818793e-6
-11.28,3.376488767741975e-6
-11.265,3.3852215613994315e-6
-11.25,3.3939880038317e-6
-11.235,3.4027882668998444e-6
-11.22,3.411622523556753e-6
-11.205,3.4204909478554427e-6
-11.19,3.429393714957408e-6
-11.175,3.4383310011410677e-6
-11.16,3.4473029838102746e-6
-11.145,3.456309841502899e-6
-11.13,3.4653517538994953e-6
-11.115,3.474428901832046e-6
-11.1,3.4835414672927722e-6
-11.085,3.492689633443036e-6
-11.07,3.501873584622317e-6
-11.055,3.5110935063572646e-6
-11.04,3.520349585370837e-6
-11.025,3.5296420095915228e-6
-11.01,3.5389709681626405e-6
-10.995,3.548336651451721e-6
-10.98,3.557739251059981e-6
-10.965,3.567178959831879e-6
-10.95,3.5766559718647504e-6
-10.935,3.5861704825185353e-6
-10.92,3.5957226884256047e-6
-10.905,3.605312787500649e-6
-10.89,3.6149409789506794e-6
-10.875,3.6246074632851194e-6
-10.86,3.6343124423259676e-6
-10.845,3.6440561192180705e-6
-10.83,3.6538386984394916e-6
-10.815,3.663660385811955e-6
-10.8,3.673521388511409e-6
-10.785,3.6834219150786666e-6
-10.77,3.6933621754301515e-6
-10.755,3.703342380868743e-6
-10.74,3.7133627440947214e-6
-10.725,3.723423479216805e-6
-10.71,3.7335248017633008e-6
-10.695,3.743666928693349e-6
-10.68,3.7538500784082785e-6
-10.665,3.7640744707630547e-6
-10.65,3.774340327077845e-6
-10.635,3.7846478701496944e-6
-10.62,3.794997324264291e-6
-10.605,3.805388915207854e-6
-10.59,3.815822870279141e-6
-10.575,3.826299418301537e-6
-10.56,3.836818789635292e-6
-10.545,3.8473812161898474e-6
-10.53,3.857986931436281e-6
-10.515,3.868636170419883e-6
-10.5,3.879329169772835e-6
-10.485,3.890066167727009e-6
-10.47,3.9008474041268885e-6
-10.455,3.911673120442624e-6
-10.44,3.922543559783186e-6
-10.425,3.9334589669096585e-6
-10.41,3.94441958824866e-6
-10.395,3.955425671905882e-6
-10.38,3.966477467679758e-6
-10.365,3.9775752270752655e-6
-10.35,3.988719203317858e-6
-10.335,3.999909651367522e-6
-10.32,4.0111468279329815e-6
-10.305,4.0224309914860225e-6
-10.29,4.033762402275965e-6
-10.275,4.045141322344268e-6
-10.26,4.0565680155392804e-6
-10.245,4.068042747531115e-6
-10.23,4.07956578582669e-6
-10.215,4.091137399784905e-6
-10.2,4.102757860631946e-6
-10.185,4.114427441476761e-6
-10.17,4.126146417326683e-6
-10.155,4.137915065103182e-6
-10.14,4.149733663657791e-6
-10.125,4.161602493788183e-6
-10.11,4.173521838254391e-6
-10.095,4.185491981795195e-6
-10.08,4.197513211144673e-6
-10.065,4.2095858150488994e-6
-10.05,4.221710084282815e-6
-10.035,4.233886311667266e-6
-10.02,4.2461147920861926e-6
-10.005,4.258395822504e-6
-9.99,4.2707297019831025e-6
-9.975,4.2831167317016215e-6
-9.96,4.29555721497127e-6
-9.945,4.308051457255422e-6
-9.93,4.320599766187337e-6
-9.915,4.333202451588579e-6
-9.9,4.345859825487614e-6
-9.885,4.358572202138595e-6
-9.87,4.371339898040326e-6
-9.855,4.384163231955418e-6
-9.84,4.397042524929635e-6
-9.825,4.40997810031143e-6
-9.81,4.422970283771675e-6
-9.795,4.436019403323599e-6
-9.78,4.449125789342905e-6
-9.765,4.462289774588104e-6
-9.75,4.475511694221044e-6
-9.735,4.488791885827651e-6
-9.72,4.502130689438872e-6
-9.705,4.515528447551835e-6
-9.69,4.52898550515121e-6
-9.675,4.542502209730805e-6
-9.66,4.556078911315357e-6
-9.645,4.56971596248256e-6
-9.63,4.583413718385313e-6
-9.615,4.5971725367741865e-6
-9.6,4.61099277802012e-6
-9.585,4.624874805137351e-6
-9.57,4.638818983806587e-6
-9.555,4.652825682398392e-6
-9.54,4.666895271996828e-6
-9.525,4.681028126423337e-6
-9.51,4.695224622260863e-6
-9.495,4.70948513887822e-6
-9.48,4.72381005845471e-6
-9.465,4.738199766005011e-6
-9.45,4.752654649404284e-6
-9.435,4.767175099413582e-6
-9.42,4.7817615097054875e-6
-9.405,4.796414276890035e-6
-9.39,4.811133800540891e-6
-9.375,4.825920483221813e-6
-9.36,4.840774730513375e-6
-9.345,4.855696951039976e-6
-9.33,4.870687556497137e-6
-9.315,4.88574696167906e-6
-9.3,4.900875584506497e-6
-9.285,4.916073846054912e-6
-9.27,4.931342170582908e-6
-9.255,4.946680985560985e-6
-9.24,4.96209072170059e-6
-9.225,4.977571812983465e-6
-9.21,4.993124696691304e-6
-9.195,5.008749813435739e-6
-9.18,5.024447607188626e-6
-9.165,5.040218525312654e-6
-9.15,5.05606301859228e-6
-9.135,5.07198154126501e-6
-9.12,5.0879745510529725e-6
-9.105,5.104042509194862e-6
-9.09,5.120185880478218e-6
-9.075,5.136405133272032e-6
-9.06,5.152700739559717e-6
-9.045,5.16907317497243e-6
-9.03,5.185522918822743e-6
-9.015,5.202050454138681e-6
-9.0,5.218656267698137e-6
-8.985,5.2353408500636234e-6
-8.97,5.252104695617439e-6
-8.955,5.268948302597199e-6
-8.94,5.285872173131731e-6
-8.925,5.302876813277392e-6
-8.91,5.3199627330547625e-6
-8.895,5.337130446485731e-6
-8.88,5.354380471631e-6
-8.865,5.371713330627997e-6
-8.85,5.389129549729183e-6
-8.835,5.406629659340797e-6
-8.82,5.4242141940620275e-6
-8.805,5.44188369272459e-6
-8.79,5.459638698432765e-6
-8.775,5.477479758603862e-6
-8.76,5.4954074250091345e-6
-8.745,5.513422253815148e-6
-8.73,5.531524805625588e-6
-8.715,5.54971564552356e-6
-8.7,5.567995343114338e-6
-8.685,5.586364472568585e-6
-8.67,5.604823612666073e-6
-8.655,5.623373346839866e-6
-8.64,5.642014263221011e-6
-8.625,5.660746954683734e-6
-8.61,5.679572018891117e-6
-8.595,5.69849005834131e-6
-8.58,5.7175016804142585e-6
-8.565,5.736607497418933e-6
-8.55,5.755808126641126e-6
-8.535,5.775104190391767e-6
-8.52,5.794496316055773e-6
-8.505,5.813985136141472e-6
-8.49,5.833571288330592e-6
-8.475,5.8532554155287765e-6
-8.46,5.873038165916718e-6
-8.445,5.892920193001857e-6
-8.43,5.912902155670666e-6
-8.415,5.932984718241524e-6
-8.4,5.95316855051822e-6
-8.385,5.973454327844051e-6
-8.37,5.993842731156542e-6
-8.355,6.014334447042786e-6
-8.34,6.034930167795458e-6
-8.325,6.05563059146942e-6
-8.31,6.076436421939025e-6
-8.295,6.097348368956059e-6
-8.28,6.118367148208361e-6
-8.265,6.139493481379124e-6
-8.25,6.160728096206891e-6
-8.235,6.182071726546227e-6
-8.22,6.203525112429123e-6
-8.205,6.2250890001271115e-6
-8.19,6.246764142214093e-6
-8.175,6.268551297629914e-6
-8.16,6.290451231744693e-6
-8.145,6.31246471642388e-6
-8.13,6.334592530094113e-6
-8.115,6.35683545780983e-6
-8.1,6.3791942913206685e-6
-8.085,6.4016698291396696e-6
-8.07,6.424262876612288e-6
-8.055,6.446974245986221e-6
-8.04,6.469804756482062e-6
-8.025,6.492755234364803e-6
-8.01,6.515826513016188e-6
-7.995,6.539019433007928e-6
-7.98,6.562334842175791e-6
-7.965,6.585773595694586e-6
-7.95,6.609336556154042e-6
-7.935,6.633024593635596e-6
-7.92,6.656838585790125e-6
-7.905,6.680779417916588e-6
-7.89,6.704847983041638e-6
-7.875,6.729045182000195e-6
-7.86,6.753371923516987e-6
-7.845,6.777829124289098e-6
-7.83,6.802417709069492e-6
-7.815,6.827138610751602e-6
-7.8,6.851992770454895e-6
-7.785,6.876981137611528e-6
-7.77,6.902104670054045e-6
-7.755,6.927364334104151e-6
-7.74,6.952761104662592e-6
-7.725,6.9782959653001184e-6
-7.71,7.003969908349584e-6
-7.695,7.029783934999192e-6
-7.68,7.055739055386878e-6
-7.665,7.081836288695862e-6
-7.65,7.108076663251413e-6
-7.635,7.134461216618784e-6
-7.62,7.160990995702394e-6
-7.605,7.187667056846226e-6
-7.59,7.214490465935513e-6
-7.575,7.2414622984996515e-6
-7.56,7.268583639816447e-6
-7.545,7.295855585017659e-6
-7.53,7.323279239195862e-6
-7.515,7.350855717512672e-6
-7.5,7.378586145308329e-6
-7.485,7.406471658212672e-6
-7.47,7.434513402257525e-6
-7.455,7.462712533990495e-6
-7.44,7.4910702205902525e-6
-7.425,7.519587639983238e-6
-7.41,7.548265980961886e-6
-7.395,7.57710644330437e-6
-7.38,7.606110237895848e-6
-7.365,7.63527858685131e-6
-7.35,7.664612723639965e-6
-7.335,7.694113893211251e-6
-7.32,7.723783352122478e-6
-7.305,7.75362236866811e-6
-7.29,7.783632223010716e-6
-7.275,7.813814207313643e-6
-7.26,7.844169625875406e-6
-7.245,7.874699795265809e-6
-7.23,7.905406044463867e-6
-7.215,7.936289714997532e-6
-7.2,7.967352161085226e-6
-7.185,7.998594749779249e-6
-7.17,8.030018861111086e-6
-7.155,8.061625888238592e-6
-7.14,8.09341723759515e-6
-7.125,8.12539432904078e-6
-7.11,8.15755859601528e-6
-7.095,8.18991148569336e-6
-7.08,8.222454459141853e-6
-7.065,8.255188991479049e-6
-7.05,8.28811657203611e-6
-7.035,8.321238704520665e-6
-7.02,8.354556907182604e-6
-7.005,8.388072712982077e-6
-6.99,8.421787669759769e-6
-6.975,8.45570334040946e-6
-6.96,8.489821303052907e-6
-6.945,8.524143151217104e-6
-6.93,8.558670494013951e-6
-6.915,8.593404956322318e-6
-6.9,8.628348178972639e-6
-6.885,8.66350181893399e-6
-6.87,8.69886754950372e-6
-6.855,8.734447060499685e-6
-6.84,8.770242058455122e-6
-6.825,8.80625426681617e-6
-6.81,8.842485426142146e-6
-6.795,8.878937294308542e-6
-6.78,8.91561164671286e-6
-6.765,8.952510276483277e-6
-6.75,8.989634994690188e-6
-6.735,9.026987630560721e-6
-6.72,9.064570031687636e-6
-6.705,9.102384064283735e-6
-6.69,9.14043161335521e-6
-6.675,9.178714582961467e-6
-6.66,9.217234896436847e-6
-6.645,9.25599449662376e-6
-6.63,9.294995346109109e-6
-6.615,9.334239427464028e-6
-6.6,9.373728743487032e-6
-6.585,9.413465317450588e-6
-6.57,9.453451193351199e-6
-6.555,9.493688436163056e-6
-6.54,9.534179132095263e-6
-6.525,9.574925388852776e-6
-6.51,9.61592933590106e-6
-6.495,9.65719312473453e-6
-6.48,9.698718929148866e-6
-6.465,9.740508945517222e-6
-6.45,9.782565393070434e-6
-6.435,9.824890514181295e-6
-6.42,9.867486574652896e-6
-6.405,9.910355864011192e-6
-6.39,9.953500695801818e-6
-6.375,9.99692340789121e-6
-6.36,1.0040626362772127e-5
-6.345,1.0084611947873656e-5
-6.33,1.0128882575875734e-5
-6.315,1.0173440685028327e-5
-6.3,1.0218288739475274e-5
-6.285,1.026342922958291e-5
-6.27,1.0308864672273564e-5
-6.255,1.0354597611363988e-5
-6.24,1.040063061790879e-5
-6.225,1.0446966290549018e-5
-6.21,1.0493607255865868e-5
-6.195,1.054055616873976e-5
-6.18,1.058781571271471e-5
-6.165,1.063538860036822e-5
-6.15,1.0683277573686696e-5
-6.135,1.0731485404446541e-5
-6.12,1.0780014894600966e-5
-6.105,1.08288688766727e-5
-6.09,1.0878050214152613e-5
-6.075,1.0927561801904386e-5
-6.06,1.0977406566575398e-5
-6.045,1.1027587467013808e-5
-6.03,1.1078107494692067e-5
-6.015,1.1128969674136889e-5
-6.0,1.118017706336582e-5
-5.985,1.1231732754330562e-5
-5.97,1.1283639873367071e-5
-5.955,1.1335901581652672e-5
-5.94,1.1388521075670217e-5
-5.925,1.1441501587679438e-5
-5.91,1.1494846386195663e-5
-5.895,1.154855877647598e-5
-5.88,1.1602642101012992e-5
-5.865,1.1657099740036297e-5
-5.85,1.171193511202184e-5
-5.835,1.1767151674209309e-5
-5.82,1.1822752923127621e-5
-5.805,1.1878742395128763e-5
-5.79,1.1935123666930054e-5
-5.775,1.1991900356165033e-5
-5.76,1.204907612194309e-5
-5.745,1.2106654665418017e-5
-5.73,1.2164639730365645e-5
-5.715,1.2223035103770747e-5
-5.7,1.2281844616423323e-5
-5.685,1.2341072143524493e-5
-5.67,1.2400721605302169e-5
-5.655,1.2460796967636643e-5
-5.64,1.2521302242696351e-5
-5.625,1.2582241489583887e-5
-5.61,1.2643618814992601e-5
-5.595,1.2705438373873862e-5
-5.58,1.2767704370115197e-5
-5.565,1.283042105722963e-5
-5.55,1.289359273905623e-5
-5.535,1.295722377047226e-5
-5.52,1.3021318558117062e-5
-5.505,1.3085881561127856e-5
-5.49,1.31509172918391e-5
-5.475,1.3216430316736146e-5
-5.46,1.3282425256941138e-5
-5.445,1.334890678918876e-5
-5.43,1.3415879646578437e-5
-5.415,1.3483348619386884e-5
-5.4,1.3551318555894373e-5
-5.385,1.3619794363224887e-5
-5.37,1.3688781008200434e-5
-5.355,1.3758283518209909e-5
-5.34,1.3828306982092609e-5
-5.325,1.3898856551036816e-5
-5.31,1.3969937439493739e-5
-5.295,1.4041554926107002e-5
-5.28,1.4113714354658143e-5
-5.265,1.4186421135028278e-5
-5.25,1.4259680744176368e-5
-5.235,1.4333498727199202e-5
-5.22,1.4407880698084087e-5
-5.205,1.4482832341128585e-5
-5.19,1.4558359411728403e-5
-5.175,1.4634467737508451e-5
-5.16,1.471116321940757e-5
-5.145,1.47884518327823e-5
-5.13,1.4866339628529958e-5
-5.115,1.4944832734231556e-5
-5.1,1.502393735531487e-5
-5.085,1.5103659776238073e-5
-5.07,1.5184006361694382e-5
-5.055,1.5264983557838153e-5
-5.04,1.5346597893532767e-5
-5.025,1.5428855981620934e-5
-5.01,1.551176452021765e-5
-4.995,1.5595330294026415e-5
-4.98,1.5679560175679243e-5
-4.965,1.576446112710077e-5
-4.95,1.585004020089709e-5
-4.935,1.5936304541769835e-5
-4.92,1.6023261387955946e-5
-4.905,1.6110918072693758e-5
-4.89,1.61992820257159e-5
-4.875,1.6288360774769523e-5
-4.86,1.6378161947164593e-5
-4.845,1.646869327135063e-5
-4.83,1.6559962578522676e-5
-4.815,1.6651977804256983e-5
-4.8,1.6744746990177136e-5
-4.785,1.683827828565119e-5
-4.77,1.6932579949520614e-5
-4.755,1.7027660351861474e-5
-4.74,1.712352797577885e-5
-4.725,1.7220191419234976e-5
-4.71,1.731765939691194e-5
-4.695,1.7415940742109655e-5
-4.68,1.751504440867987e-5
-4.665,1.761497947299702e-5
-4.65,1.7715755135966712e-5
-4.635,1.7817380725072676e-5
-4.62,1.791986569646298e-5
-4.605,1.8023219637076467e-5
-4.59,1.8127452266810223e-5
-4.575,1.823257344072899e-5
-4.56,1.833859315131752e-5
-4.545,1.844552153077673e-5
-4.53,1.8553368853364712e-5
-4.515,1.8662145537783616e-5
-4.5,1.8771862149613295e-5
-4.485,1.8882529403792997e-5
-4.47,1.899415816715196e-5
-4.455,1.9106759460990146e-5
-4.44,1.9220344463710264e-5
-4.425,1.9334924513502173e-5
-4.41,1.945051111108086e-5
-4.395,1.9567115922479417e-5
-4.38,1.9684750781897897e-5
-4.365,1.980342769460979e-5
-4.35,1.9923158839927087e-5
-4.335,2.0043956574225447e-5
-4.32,2.016583343403094e-5
-4.305,2.0288802139169617e-5
-4.29,2.0412875595981446e-5
-4.275,2.0538066900600327e-5
-4.26,2.0664389342301367e-5
-4.245,2.0791856406917263e-5
-4.23,2.092048178032547e-5
-4.215,2.10502793520076e-5
-4.2,2.1181263218682947e-5
-4.185,2.1313447688017948e-5
-4.17,2.1446847282413173e-5
-4.155,2.1581476742870044e-5
-4.14,2.1717351032938844e-5
-4.125,2.1854485342750264e-5
-4.11,2.1992895093132418e-5
-4.095,2.2132595939815356e-5
-4.08,2.2273603777725243e-5
-4.065,2.2415934745370497e-5
-4.05,2.2559605229322028e-5
-4.035,2.2704631868789867e-5
-4.02,2.2851031560298766e-5
-4.005,2.2998821462465012e-5
-3.99,2.3148019000877107e-5
-3.975,2.329864187308283e-5
-3.96,2.345070805368541e-5
-3.945,2.36042357995515e-5
-3.93,2.3759243655133854e-5
-3.915,2.391575045791147e-5
-3.9,2.4073775343950323e-5
-3.885,2.4233337753587732e-5
-3.87,2.4394457437243382e-5
-3.855,2.4557154461360496e-5
-3.84,2.472144921448022e-5
-3.825,2.488736241289092e-5
-3.81,2.5054915109188877e-5
-3.795,2.5224128696158983e-5
-3.78,2.539502491302751e-5
-3.765,2.5567625855457866e-5
-3.75,2.5741953980057754e-5
-3.735,2.5918032112090515e-5
-3.72,2.6095883452749284e-5
-3.705,2.6275531586599495e-5
-3.69,2.6457000489194085e-5
-3.675,2.664031453486603e-5
-3.66,2.682549850470305e-5
-3.645,2.701257759470933e-5
-3.63,2.7201577424159254e-5
-3.615,2.7392524044148453e-5
-3.6,2.7585443946347526e-5
-3.585,2.7780364071963767e-5
-3.57,2.7977311820916977e-5
-3.555,2.8176315061234825e-5
-3.54,2.8377402138674153e-5
-3.525,2.8580601886574178e-5
-3.51,2.8785943635948375e-5
-3.495,2.8993457225821357e-5
-3.48,2.920317301381785e-5
-3.465,2.941512188701072e-5
-3.45,2.962933527303542e-5
-3.435,2.9845845151478376e-5
-3.42,3.006468406554704e-5
-3.405,3.0285885134029726e-5
-3.39,3.050948206355351e-5
-3.375,3.073550916114868e-5
-3.36,3.096400134712865e-5
-3.345,3.1194994168294454e-5
-3.33,3.142852381147328e-5
-3.315,3.166462711740065e-5
-3.3,3.190334159495652e-5
-3.285,3.214470543576556e-5
-3.27,3.2388757529172395e-5
-3.255,3.263553747760287e-5
-3.24,3.288508561232303e-5
-3.225,3.313744300960729e-5
-3.21,3.339265150732854e-5
-3.195,3.3650753721982496e-5
-3.18,3.3911793066159647e-5
-3.165,3.417581376647828e-5
-3.15,3.4442860881992646e-5
-3.135,3.4712980323090855e-5
-3.12,3.4986218870897446e-5
-3.105,3.52626241971963e-5
-3.09,3.5542244884889906e-5
-3.075,3.5825130449011744e-5
-3.06,3.611133135830903e-5
-3.045,3.640089905741368e-5
-3.03,3.6693885989620024e-5
-3.015,3.69903456202885e-5
-3.0,3.729033246089521e-5
-2.985,3.7593902093747755e-5
-2.97,3.7901111197388965e-5
-2.955,3.821201757271053e-5
-2.94,3.852668016979935e-5
-2.925,3.884515911554048e-5
-2.91,3.916751574200149e-5
-2.895,3.9493812615623476e-5
-2.88,3.982411356724546e-5
-2.865,4.015848372298968e-5
-2.85,4.049698953603632e-5
-2.835,4.083969881931722e-5
-2.82,4.1186680779159427e-5
-2.805,4.1538006049910506e-5
-2.79,4.189374672957876e-5
-2.775,4.225397641652267e-5
-2.76,4.2618770247225584e-5
-2.745,4.298820493519248e-5
-2.73,4.3362358811007784e-5
-2.715,4.37413118635939e-5
-2.7,4.4125145782712665e-5
-2.685,4.45139440027527e-5
-2.67,4.4907791747847814e-5
-2.655,4.530677607837353e-5
-2.64,4.5710985938870274e-5
-2.625,4.6120512207444115e-5
-2.61,4.653544774669773e-5
-2.595,4.695588745624663e-5
-2.58,4.7381928326877933e-5
-2.565,4.78136694964109e-5
-2.55,4.825121230732179e-5
-2.535,4.869466036619721e-5
-2.52,4.914411960508341e-5
-2.505,4.959969834480168e-5
-2.49,5.0061507360303076e-5
-2.475,5.0529659948138425e-5
-2.46,5.100427199612334e-5
-2.445,5.148546205528091e-5
-2.43,5.197335141414872e-5
-2.415,5.246806417554042e-5
-2.4,5.296972733585561e-5
-2.385,5.3478470867036936e-5
-2.37,5.399442780127656e-5
-2.355,5.4517734318579304e-5
-2.34,5.5048529837294405e-5
-2.325,5.5586957107732905e-5
-2.31,5.613316230899288e-5
-2.295,5.6687295149120226e-5
-2.28,5.7249508968738656e-5
-2.265,5.781996084828871e-5
-2.25,5.839881171902194e-5
-2.235,5.898622647790299e-5
-2.22,5.958237410658012e-5
-2.205,6.0187427794591274e-5
-2.19,6.0801565066981714e-5
-2.175,6.142496791651658e-5
-2.16,6.205782294068141e-5
-2.145,6.270032148367244e-5
-2.13,6.335265978358786e-5
-2.115,6.401503912502565e-5
-2.1,6.468766599742175e-5
-2.085,6.537075225912213e-5
-2.07,6.606451530777548e-5
-2.055,6.676917825707095e-5
-2.04,6.748497012020049e-5
-2.025,6.821212600032632e-5
-2.01,6.895088728836585e-5
-1.995,6.97015018684218e-5
-1.98,7.046422433120266e-5
-1.965,7.123931619579546e-5
-1.95,7.202704614017327e-5
-1.935,7.282769024083836e-5
-1.92,7.364153222202411e-5
-1.905,7.446886371490097e-5
-1.89,7.530998452725549e-5
-1.875,7.616520292413684e-5
-1.86,7.703483591998005e-5
-1.845,7.791920958282226e-5
-1.83,7.881865935104051e-5
-1.815,7.97335303634055e-5
-1.8,8.066417780297513e-5
-1.785,8.161096725555396e-5
-1.77,8.257427508343365e-5
-1.755,8.355448881517652e-5
-1.74,8.455200755224857e-5
-1.725,8.556724239335497e-5
-1.71,8.660061687745564e-5
-1.695,8.76525674459672e-5
-1.68,8.872354392627987e-5
-1.665,8.98140100361852e-5
-1.65,9.09244439114491e-5
-1.635,9.205533865730119e-5
-1.62,9.320720292519221e-5
-1.605,9.438056151617705e-5
-1.59,9.557595601236674e-5
-1.575,9.679394543798125e-5
-1.56,9.803510695163289e-5
-1.545,9.930003657157303e-5
-1.53,0.00010058934993574627
-1.515,0.00010190368309861469
-1.5,0.00010324369336684356
-1.485,0.00010461006017607673
-1.47,0.00010600348601117839
-1.455,0.00010742469737247505
-1.44,0.00010887444579070558
-1.425,0.00011035350889356801
-1.41,0.00011186269152695302
-1.395,0.00011340282693416604
-1.38,0.00011497477799667293
-1.365,0.00011657943854015114
-1.35,0.0001182177347099007
-1.335,0.00011989062641995798
-1.32,0.00012159910888057304
-1.305,0.00012334421420905195
-1.29,0.00012512701312933502
-1.275,0.0001269486167660859
-1.26,0.00012881017853949944
-1.245,0.00013071289616751317
-1.23,0.00013265801378261938
-1.215,0.0001346468241710378
-1.2,0.0001366806711413237
-1.185,0.0001387609520405081
-1.17,0.00014088912040034768
-1.155,0.00014306668876954638
-1.14,0.0001452952316980652
-1.125,0.00014757638891307426
-1.11,0.00014991186869089902
-1.095,0.0001523034514408061
-1.08,0.00015475299351643096
-1.065,0.0001572624312720274
-1.05,0.00015983378538222812
-1.035,0.0001624691654456754
-1.02,0.00016517077489471441
-1.005,0.00016794091623537297
-0.99,0.00017078199664408955
-0.975,0.00017369653395013526
-0.96,0.00017668716303542064
-0.945,0.00017975664268643032
-0.93,0.0001829078629364151
-0.915,0.0001861438529397421
-0.9,0.00018946778942450268
-0.885,0.0001928830057741671
-0.87,0.00019639300179431136
-0.855,0.00020000145422630793
-0.84,0.00020371222807644411
-0.825,0.0002075293888363191
-0.81,0.00021145721567867578
-0.795,0.0002155002157221885
-0.78,0.0002196631394693003
-0.765,0.000223950997533166
-0.75,0.00022836907878331697
-0.735,0.0002329229700550484
-0.72,0.0002376185775852031
-0.705,0.00024246215035664514
-0.69,0.0002474603055572066
-0.675,0.00025262005638454965
-0.66,0.00025794884245884745
-0.645,0.00026345456313981943
-0.63,0.00026914561408479033
-0.615,0.00027503092743093197
-0.6,0.0002811200160388601
-0.585,0.00028742302229751266
-0.57,0.0002939507720653083
-0.555,0.0003007148344047722
-0.54,0.00030772758787643426
-0.525,0.00031500229427012394
-0.51,0.00032255318080292347
-0.495,0.0003303955319733741
-0.48,0.0003385457924737492
-0.465,0.00034702168280136697
-0.45,0.000355842329506999
-0.435,0.00036502841237674206
-0.42,0.00037460233128147754
-0.405,0.00038458839596561137
-0.39,0.00039501304271102725
-0.375,0.0004059050826318623
-0.36,0.0004172959874430758
-0.345,0.0004292202196691378
-0.33,0.00044171561628836433
-0.315,0.00045482383648572686
-0.3,0.0004685908873215824
-0.285,0.0004830677445673624
-0.27,0.0004983110908175993
-0.255,0.0005143841994300812
-0.24,0.0005313580016196005
-0.225,0.0005493123861504271
-0.21,0.0005683377981051543
-0.195,0.0005885372275877194
-0.18,0.0006100287149181305
-0.165,0.0006329485523761077
-0.15,0.0006574554450503724
-0.135,0.000683736024910992
-0.12,0.0007120123298021353
-0.105,0.0007425522365156617
-0.09,0.000775684528777375
-0.075,0.0008118216406250764
-0.06,0.000851496039751287
-0.045,0.0008954233166388825
-0.03,0.0009446256093209186
-0.015,0.0010007285927480423
0.015,0.0010007285927480423
0.03,0.0009446256093209186
0.045,0.0008954233166388825
0.06,0.000851496039751287
0.075,0.0008118216406250764
0.09,0.000775684528777375
0.105,0.0007425522365156617
0.12,0.0007120123298021353
0.135,0.000683736024910992
0.15,0.0006574554450503724
0.165,0.0006329485523761077
0.18,0.0006100287149181305
0.195,0.0005885372275877194
0.21,0.0005683377981051543
0.225,0.0005493123861504271
0.24,0.0005313580016196005
0.255,0.0005143841994300812
0.27,0.0004983110908175993
0.285,0.0004830677445673624
0.3,0.0004685908873215824
0.315,0.00045482383648572686
0.33,0.00044171561628836433
0.345,0.0004292202196691378
0.36,0.0004172959874430758
0.375,0.0004059050826318623
0.39,0.00039501304271102725
0.405,0.00038458839596561137
0.42,0.00037460233128147754
0.435,0.00036502841237674206
0.45,0.000355842329506999
0.465,0.00034702168280136697
0.48,0.0003385457924737492
0.495,0.0003303955319733741
0.51,0.00032255318080292347
0.525,0.00031500229427012394
0.54,0.00030772758787643426
0.555,0.0003007148344047722
0.57,0.0002939507720653083
0.585,0.00028742302229751266
0.6,0.0002811200160388601
0.615,0.00027503092743093197
0.63,0.00026914561408479033
0.645,0.00026345456313981943
0.66,0.00025794884245884745
0.675,0.00025262005638454965
0.69,0.0002474603055572066
0.705,0.00024246215035664514
0.72,0.0002376185775852031
0.735,0.0002329229700550484
0.75,0.00022836907878331697
0.765,0.000223950997533166
0.78,0.0002196631394693003
0.795,0.0002155002157221885
0.81,0.00021145721567867578
0.825,0.0002075293888363191
0.84,0.00020371222807644411
0.855,0.00020000145422630793
0.87,0.00019639300179431136
0.885,0.0001928830057741671
0.9,0.00018946778942450268
0.915,0.0001861438529397421
0.93,0.0001829078629364151
0.945,0.00017975664268643032
0.96,0.00017668716303542064
0.975,0.00017369653395013526
0.99,0.00017078199664408955
1.005,0.00016794091623537297
1.02,0.00016517077489471441
1.035,0.0001624691654456754
1.05,0.00015983378538222812
1.065,0.0001572624312720274
1.08,0.00015475299351643096
1.095,0.0001523034514408061
1.11,0.00014991186869089902
1.125,0.00014757638891307426
1.14,0.0001452952316980652
1.155,0.00014306668876954638
1.17,0.00014088912040034768
1.185,0.0001387609520405081
1.2,0.0001366806711413237
1.215,0.0001346468241710378
1.23,0.00013265801378261938
1.245,0.00013071289616751317
1.26,0.00012881017853949944
1.275,0.0001269486167660859
1.29,0.00012512701312933502
1.305,0.00012334421420905195
1.32,0.00012159910888057304
1.335,0.00011989062641995798
1.35,0.0001182177347099007
1.365,0.00011657943854015114
1.38,0.00011497477799667293
1.395,0.00011340282693416604
1.41,0.00011186269152695302
1.425,0.00011035350889356801
1.44,0.00010887444579070558
1.455,0.00010742469737247505
1.47,0.00010600348601117839
1.485,0.00010461006017607673
1.5,0.00010324369336684356
1.515,0.00010190368309861469
1.53,0.00010058934993574627
1.545,9.930003657157303e-5
1.56,9.803510695163289e-5
1.575,9.679394543798125e-5
1.59,9.557595601236674e-5
1.605,9.438056151617705e-5
1.62,9.320720292519221e-5
1.635,9.205533865730119e-5
1.65,9.09244439114491e-5
1.665,8.98140100361852e-5
1.68,8.872354392627987e-5
1.695,8.76525674459672e-5
1.71,8.660061687745564e-5
1.725,8.556724239335497e-5
1.74,8.455200755224857e-5
1.755,8.355448881517652e-5
1.77,8.257427508343365e-5
1.785,8.161096725555396e-5
1.8,8.066417780297513e-5
1.815,7.97335303634055e-5
1.83,7.881865935104051e-5
1.845,7.791920958282226e-5
1.86,7.703483591998005e-5
1.875,7.616520292413684e-5
1.89,7.530998452725549e-5
1.905,7.446886371490097e-5
1.92,7.364153222202411e-5
1.935,7.282769024083836e-5
1.95,7.202704614017327e-5
1.965,7.123931619579546e-5
1.98,7.046422433120266e-5
1.995,6.97015018684218e-5
2.01,6.895088728836585e-5
2.025,6.821212600032632e-5
2.04,6.748497012020049e-5
2.055,6.676917825707095e-5
2.07,6.606451530777548e-5
2.085,6.537075225912213e-5
2.1,6.468766599742175e-5
2.115,6.401503912502565e-5
2.13,6.335265978358786e-5
2.145,6.270032148367244e-5
2.16,6.205782294068141e-5
2.175,6.142496791651658e-5
2.19,6.0801565066981714e-5
2.205,6.0187427794591274e-5
2.22,5.958237410658012e-5
2.235,5.898622647790299e-5
2.25,5.839881171902194e-5
2.265,5.781996084828871e-5
2.28,5.7249508968738656e-5
2.295,5.6687295149120226e-5
2.31,5.613316230899288e-5
2.325,5.5586957107732905e-5
2.34,5.5048529837294405e-5
2.355,5.4517734318579304e-5
2.37,5.399442780127656e-5
2.385,5.3478470867036936e-5
2.4,5.296972733585561e-5
2.415,5.246806417554042e-5
2.43,5.197335141414872e-5
2.445,5.148546205528091e-5
2.46,5.100427199612334e-5
2.475,5.0529659948138425e-5
2.49,5.0061507360303076e-5
2.505,4.959969834480168e-5
2.52,4.914411960508341e-5
2.535,4.869466036619721e-5
2.55,4.825121230732179e-5
2.565,4.78136694964109e-5
2.58,4.7381928326877933e-5
2.595,4.695588745624663e-5
2.61,4.653544774669773e-5
2.625,4.6120512207444115e-5
2.64,4.5710985938870274e-5
2.655,4.530677607837353e-5
2.67,4.4907791747847814e-5
2.685,4.45139440027527e-5
2.7,4.4125145782712665e-5
2.715,4.37413118635939e-5
2.73,4.3362358811007784e-5
2.745,4.298820493519248e-5
2.76,4.2618770247225584e-5
2.775,4.225397641652267e-5
2.79,4.189374672957876e-5
2.805,4.1538006049910506e-5
2.82,4.1186680779159427e-5
2.835,4.083969881931722e-5
2.85,4.049698953603632e-5
2.865,4.015848372298968e-5
2.88,3.982411356724546e-5
2.895,3.9493812615623476e-5
2.91,3.916751574200149e-5
2.925,3.884515911554048e-5
2.94,3.852668016979935e-5
2.955,3.821201757271053e-5
2.97,3.7901111197388965e-5
2.985,3.7593902093747755e-5
3.0,3.729033246089521e-5
3.015,3.69903456202885e-5
3.03,3.6693885989620024e-5
3.045,3.640089905741368e-5
3.06,3.611133135830903e-5
3.075,3.5825130449011744e-5
3.09,3.5542244884889906e-5
3.105,3.52626241971963e-5
3.12,3.4986218870897446e-5
3.135,3.4712980323090855e-5
3.15,3.4442860881992646e-5
3.165,3.417581376647828e-5
3.18,3.3911793066159647e-5
3.195,3.3650753721982496e-5
3.21,3.339265150732854e-5
3.225,3.313744300960729e-5
3.24,3.288508561232303e-5
3.255,3.263553747760287e-5
3.27,3.2388757529172395e-5
3.285,3.214470543576556e-5
3.3,3.190334159495652e-5
3.315,3.166462711740065e-5
3.33,3.142852381147328e-5
3.345,3.1194994168294454e-5
3.36,3.096400134712865e-5
3.375,3.073550916114868e-5
3.39,3.050948206355351e-5
3.405,3.0285885134029726e-5
3.42,3.006468406554704e-5
3.435,2.9845845151478376e-5
3.45,2.962933527303542e-5
3.465,2.941512188701072e-5
3.48,2.920317301381785e-5
3.495,2.8993457225821357e-5
3.51,2.8785943635948375e-5
3.525,2.8580601886574178e-5
3.54,2.8377402138674153e-5
3.555,2.8176315061234825e-5
3.57,2.7977311820916977e-5
3.585,2.7780364071963767e-5
3.6,2.7585443946347526e-5
3.615,2.7392524044148453e-5
3.63,2.7201577424159254e-5
3.645,2.701257759470933e-5
3.66,2.682549850470305e-5
3.675,2.664031453486603e-5
3.69,2.6457000489194085e-5
3.705,2.6275531586599495e-5
3.72,2.6095883452749284e-5
3.735,2.5918032112090515e-5
3.75,2.5741953980057754e-5
3.765,2.5567625855457866e-5
3.78,2.539502491302751e-5
3.795,2.5224128696158983e-5
3.81,2.5054915109188877e-5
3.825,2.488736241289092e-5
3.84,2.472144921448022e-5
3.855,2.4557154461360496e-5
3.87,2.4394457437243382e-5
3.885,2.4233337753587732e-5
3.9,2.4073775343950323e-5
3.915,2.391575045791147e-5
3.93,2.3759243655133854e-5
3.945,2.36042357995515e-5
3.96,2.345070805368541e-5
3.975,2.329864187308283e-5
3.99,2.3148019000877107e-5
4.005,2.2998821462465012e-5
4.02,2.2851031560298766e-5
4.035,2.2704631868789867e-5
4.05,2.2559605229322028e-5
4.065,2.2415934745370497e-5
4.08,2.2273603777725243e-5
4.095,2.2132595939815356e-5
4.11,2.1992895093132418e-5
4.125,2.1854485342750264e-5
4.14,2.1717351032938844e-5
4.155,2.1581476742870044e-5
4.17,2.1446847282413173e-5
4.185,2.1313447688017948e-5
4.2,2.1181263218682947e-5
4.215,2.10502793520076e-5
4.23,2.092048178032547e-5
4.245,2.0791856406917263e-5
4.26,2.0664389342301367e-5
4.275,2.0538066900600327e-5
4.29,2.0412875595981446e-5
4.305,2.0288802139169617e-5
4.32,2.016583343403094e-5
4.335,2.0043956574225447e-5
4.35,1.9923158839927087e-5
4.365,1.980342769460979e-5
4.38,1.9684750781897897e-5
4.395,1.9567115922479417e-5
4.41,1.945051111108086e-5
4.425,1.9334924513502173e-5
4.44,1.9220344463710264e-5
4.455,1.9106759460990146e-5
4.47,1.899415816715196e-5
4.485,1.8882529403792997e-5
4.5,1.8771862149613295e-5
4.515,1.8662145537783616e-5
4.53,1.8553368853364712e-5
4.545,1.844552153077673e-5
4.56,1.833859315131752e-5
4.575,1.823257344072899e-5
4.59,1.8127452266810223e-5
4.605,1.8023219637076467e-5
4.62,1.791986569646298e-5
4.635,1.7817380725072676e-5
4.65,1.7715755135966712e-5
4.665,1.761497947299702e-5
4.68,1.751504440867987e-5
4.695,1.7415940742109655e-5
4.71,1.731765939691194e-5
4.725,1.7220191419234976e-5
4.74,1.712352797577885e-5
4.755,1.7027660351861474e-5
4.77,1.6932579949520614e-5
4.785,1.683827828565119e-5
4.8,1.6744746990177136e-5
4.815,1.6651977804256983e-5
4.83,1.6559962578522676e-5
4.845,1.646869327135063e-5
4.86,1.6378161947164593e-5
4.875,1.6288360774769523e-5
4.89,1.61992820257159e-5
4.905,1.6110918072693758e-5
4.92,1.6023261387955946e-5
4.935,1.5936304541769835e-5
4.95,1.585004020089709e-5
4.965,1.576446112710077e-5
4.98,1.5679560175679243e-5
4.995,1.5595330294026415e-5
5.01,1.551176452021765e-5
5.025,1.5428855981620934e-5
5.04,1.5346597893532767e-5
5.055,1.5264983557838153e-5
5.07,1.5184006361694382e-5
5.085,1.5103659776238073e-5
5.1,1.502393735531487e-5
5.115,1.4944832734231556e-5
5.13,1.4866339628529958e-5
5.145,1.47884518327823e-5
5.16,1.471116321940757e-5
5.175,1.4634467737508451e-5
5.19,1.4558359411728403e-5
5.205,1.4482832341128585e-5
5.22,1.4407880698084087e-5
5.235,1.4333498727199202e-5
5.25,1.4259680744176368e-5
5.265,1.4186421135028278e-5
5.28,1.4113714354658143e-5
5.295,1.4041554926107002e-5
5.31,1.3969937439493739e-5
5.325,1.3898856551036816e-5
5.34,1.3828306982092609e-5
5.355,1.3758283518209909e-5
5.37,1.3688781008200434e-5
5.385,1.3619794363224887e-5
5.4,1.3551318555894373e-5
5.415,1.3483348619386884e-5
5.43,1.3415879646578437e-5
5.445,1.334890678918876e-5
5.46,1.3282425256941138e-5
5.475,1.3216430316736146e-5
5.49,1.31509172918391e-5
5.505,1.3085881561127856e-5
5.52,1.3021318558117062e-5
5.535,1.295722377047226e-5
5.55,1.289359273905623e-5
5.565,1.283042105722963e-5
5.58,1.2767704370115197e-5
5.595,1.2705438373873862e-5
5.61,1.2643618814992601e-5
5.625,1.2582241489583887e-5
5.64,1.2521302242696351e-5
5.655,1.2460796967636643e-5
5.67,1.2400721605302169e-5
5.685,1.2341072143524493e-5
5.7,1.2281844616423323e-5
5.715,1.2223035103770747e-5
5.73,1.2164639730365645e-5
5.745,1.2106654665418017e-5
5.76,1.204907612194309e-5
5.775,1.1991900356165033e-5
5.79,1.1935123666930054e-5
5.805,1.1878742395128763e-5
5.82,1.1822752923127621e-5
5.835,1.1767151674209309e-5
5.85,1.171193511202184e-5
5.865,1.1657099740036297e-5
5.88,1.1602642101012992e-5
5.895,1.154855877647598e-5
5.91,1.1494846386195663e-5
5.925,1.1441501587679438e-5
5.94,1.1388521075670217e-5
5.955,1.1335901581652672e-5
5.97,1.1283639873367071e-5
5.985,1.1231732754330562e-5
6.0,1.118017706336582e-5
6.015,1.1128969674136889e-5
6.03,1.1078107494692067e-5
6.045,1.1027587467013808e-5
6.06,1.0977406566575398e-5
6.075,1.0927561801904386e-5
6.09,1.0878050214152613e-5
6.105,1.08288688766727e-5
6.12,1.0780014894600966e-5
6.135,1.0731485404446541e-5
6.15,1.0683277573686696e-5
6.165,1.063538860036822e-5
6.18,1.058781571271471e-5
6.195,1.054055616873976e-5
6.21,1.0493607255865868e-5
6.225,1.0446966290549018e-5
6.24,1.040063061790879e-5
6.255,1.0354597611363988e-5
6.27,1.0308864672273564e-5
6.285,1.026342922958291e-5
6.3,1.0218288739475274e-5
6.315,1.0173440685028327e-5
6.33,1.0128882575875734e-5
6.345,1.0084611947873656e-5
6.36,1.0040626362772127e-5
6.375,9.99692340789121e-6
6.39,9.953500695801818e-6
6.405,9.910355864011192e-6
6.42,9.867486574652896e-6
6.435,9.824890514181295e-6
6.45,9.782565393070434e-6
6.465,9.740508945517222e-6
6.48,9.698718929148866e-6
6.495,9.65719312473453e-6
6.51,9.61592933590106e-6
6.525,9.574925388852776e-6
6.54,9.534179132095263e-6
6.555,9.493688436163056e-6
6.57,9.453451193351199e-6
6.585,9.413465317450588e-6
6.6,9.373728743487032e-6
6.615,9.334239427464028e-6
6.63,9.294995346109109e-6
6.645,9.25599449662376e-6
6.66,9.217234896436847e-6
6.675,9.178714582961467e-6
6.69,9.14043161335521e-6
6.705,9.102384064283735e-6
6.72,9.064570031687636e-6
6.735,9.026987630560721e-6
6.75,8.989634994690188e-6
6.765,8.952510276483277e-6
6.78,8.91561164671286e-6
6.795,8.878937294308542e-6
6.81,8.842485426142146e-6
6.825,8.80625426681617e-6
6.84,8.770242058455122e-6
6.855,8.734447060499685e-6
6.87,8.69886754950372e-6
6.885,8.66350181893399e-6
6.9,8.628348178972639e-6
6.915,8.593404956322318e-6
6.93,8.558670494013951e-6
6.945,8.524143151217104e-6
6.96,8.489821303052907e-6
6.975,8.45570334040946e-6
6.99,8.421787669759769e-6
7.005,8.388072712982077e-6
7.02,8.354556907182604e-6
7.035,8.321238704520665e-6
7.05,8.28811657203611e-6
7.065,8.255188991479049e-6
7.08,8.222454459141853e-6
7.095,8.18991148569336e-6
7.11,8.15755859601528e-6
7.125,8.12539432904078e-6
7.14,8.09341723759515e-6
7.155,8.061625888238592e-6
7.17,8.030018861111086e-6
7.185,7.998594749779249e-6
7.2,7.967352161085226e-6
7.215,7.936289714997532e-6
7.23,7.905406044463867e-6
7.245,7.874699795265809e-6
7.26,7.844169625875406e-6
7.275,7.813814207313643e-6
7.29,7.783632223010716e-6
7.305,7.75362236866811e-6
7.32,7.723783352122478e-6
7.335,7.694113893211251e-6
7.35,7.664612723639965e-6
7.365,7.63527858685131e-6
7.38,7.606110237895848e-6
7.395,7.57710644330437e-6
7.41,7.548265980961886e-6
7.425,7.519587639983238e-6
7.44,7.4910702205902525e-6
7.455,7.462712533990495e-6
7.47,7.434513402257525e-6
7.485,7.406471658212672e-6
7.5,7.378586145308329e-6
7.515,7.350855717512672e-6
7.53,7.323279239195862e-6
7.545,7.295855585017659e-6
7.56,7.268583639816447e-6
7.575,7.2414622984996515e-6
7.59,7.214490465935513e-6
7.605,7.187667056846226e-6
7.62,7.160990995702394e-6
7.635,7.134461216618784e-6
7.65,7.108076663251413e-6
7.665,7.081836288695862e-6
7.68,7.055739055386878e-6
7.695,7.029783934999192e-6
7.71,7.003969908349584e-6
7.725,6.9782959653001184e-6
7.74,6.952761104662592e-6
7.755,6.927364334104151e-6
7.77,6.902104670054045e-6
7.785,6.876981137611528e-6
7.8,6.851992770454895e-6
7.815,6.827138610751602e-6
7.83,6.802417709069492e-6
7.845,6.777829124289098e-6
7.86,6.753371923516987e-6
7.875,6.729045182000195e-6
7.89,6.704847983041638e-6
7.905,6.680779417916588e-6
7.92,6.656838585790125e-6
7.935,6.633024593635596e-6
7.95,6.609336556154042e-6
7.965,6.585773595694586e-6
7.98,6.562334842175791e-6
7.995,6.539019433007928e-6
8.01,6.515826513016188e-6
8.025,6.492755234364803e-6
8.04,6.469804756482062e-6
8.055,6.446974245986221e-6
8.07,6.424262876612288e-6
8.085,6.4016698291396696e-6
8.1,6.3791942913206685e-6
8.115,6.35683545780983e-6
8.13,6.334592530094113e-6
8.145,6.31246471642388e-6
8.16,6.290451231744693e-6
8.175,6.268551297629914e-6
8.19,6.246764142214093e-6
8.205,6.2250890001271115e-6
8.22,6.203525112429123e-6
8.235,6.182071726546227e-6
8.25,6.160728096206891e-6
8.265,6.139493481379124e-6
8.28,6.118367148208361e-6
8.295,6.097348368956059e-6
8.31,6.076436421939025e-6
8.325,6.05563059146942e-6
8.34,6.034930167795458e-6
8.355,6.014334447042786e-6
8.37,5.993842731156542e-6
8.385,5.973454327844051e-6
8.4,5.95316855051822e-6
8.415,5.932984718241524e-6
8.43,5.912902155670666e-6
8.445,5.892920193001857e-6
8.46,5.873038165916718e-6
8.475,5.8532554155287765e-6
8.49,5.833571288330592e-6
8.505,5.813985136141472e-6
8.52,5.794496316055773e-6
8.535,5.775104190391767e-6
8.55,5.755808126641126e-6
8.565,5.736607497418933e-6
8.58,5.7175016804142585e-6
8.595,5.69849005834131e-6
8.61,5.679572018891117e-6
8.625,5.660746954683734e-6
8.64,5.642014263221011e-6
8.655,5.623373346839866e-6
8.67,5.604823612666073e-6
8.685,5.586364472568585e-6
8.7,5.567995343114338e-6
8.715,5.54971564552356e-6
8.73,5.531524805625588e-6
8.745,5.513422253815148e-6
8.76,5.4954074250091345e-6
8.775,5.477479758603862e-6
8.79,5.459638698432765e-6
8.805,5.44188369272459e-6
8.82,5.4242141940620275e-6
8.835,5.406629659340797e-6
8.85,5.389129549729183e-6
8.865,5.371713330627997e-6
8.88,5.354380471631e-6
8.895,5.337130446485731e-6
8.91,5.3199627330547625e-6
8.925,5.302876813277392e-6
8.94,5.285872173131731e-6
8.955,5.268948302597199e-6
8.97,5.252104695617439e-6
8.985,5.2353408500636234e-6
9.0,5.218656267698137e-6
9.015,5.202050454138681e-6
9.03,5.185522918822743e-6
9.045,5.16907317497243e-6
9.06,5.152700739559717e-6
9.075,5.136405133272032e-6
9.09,5.120185880478218e-6
9.105,5.104042509194862e-6
9.12,5.0879745510529725e-6
9.135,5.07198154126501e-6
9.15,5.05606301859228e-6
9.165,5.040218525312654e-6
9.18,5.024447607188626e-6
9.195,5.008749813435739e-6
9.21,4.993124696691304e-6
9.225,4.977571812983465e-6
9.24,4.96209072170059e-6
9.255,4.946680985560985e-6
9.27,4.931342170582908e-6
9.285,4.916073846054912e-6
9.3,4.900875584506497e-6
9.315,4.88574696167906e-6
9.33,4.870687556497137e-6
9.345,4.855696951039976e-6
9.36,4.840774730513375e-6
9.375,4.825920483221813e-6
9.39,4.811133800540891e-6
9.405,4.796414276890035e-6
9.42,4.7817615097054875e-6
9.435,4.767175099413582e-6
9.45,4.752654649404284e-6
9.465,4.738199766005011e-6
9.48,4.72381005845471e-6
9.495,4.70948513887822e-6
9.51,4.695224622260863e-6
9.525,4.681028126423337e-6
9.54,4.666895271996828e-6
9.555,4.652825682398392e-6
9.57,4.638818983806587e-6
9.585,4.624874805137351e-6
9.6,4.61099277802012e-6
9.615,4.5971725367741865e-6
9.63,4.583413718385313e-6
9.645,4.56971596248256e-6
9.66,4.556078911315357e-6
9.675,4.542502209730805e-6
9.69,4.52898550515121e-6
9.705,4.515528447551835e-6
9.72,4.502130689438872e-6
9.735,4.488791885827651e-6
9.75,4.475511694221044e-6
9.765,4.462289774588104e-6
9.78,4.449125789342905e-6
9.795,4.436019403323599e-6
9.81,4.422970283771675e-6
9.825,4.40997810031143e-6
9.84,4.397042524929635e-6
9.855,4.384163231955418e-6
9.87,4.371339898040326e-6
9.885,4.358572202138595e-6
9.9,4.345859825487614e-6
9.915,4.333202451588579e-6
9.93,4.320599766187337e-6
9.945,4.308051457255422e-6
9.96,4.29555721497127e-6
9.975,4.2831167317016215e-6
9.99,4.2707297019831025e-6
10.005,4.258395822504e-6
10.02,4.2461147920861926e-6
10.035,4.233886311667266e-6
10.05,4.221710084282815e-6
10.065,4.2095858150488994e-6
10.08,4.197513211144673e-6
10.095,4.185491981795195e-6
10.11,4.173521838254391e-6
10.125,4.161602493788183e-6
10.14,4.149733663657791e-6
10.155,4.137915065103182e-6
10.17,4.126146417326683e-6
10.185,4.114427441476761e-6
10.2,4.102757860631946e-6
10.215,4.091137399784905e-6
10.23,4.07956578582669e-6
10.245,4.068042747531115e-6
10.26,4.0565680155392804e-6
10.275,4.045141322344268e-6
10.29,4.033762402275965e-6
10.305,4.0224309914860225e-6
10.32,4.0111468279329815e-6
10.335,3.999909651367522e-6
10.35,3.988719203317858e-6
10.365,3.9775752270752655e-6
10.38,3.966477467679758e-6
10.395,3.955425671905882e-6
10.41,3.94441958824866e-6
10.425,3.9334589669096585e-6
10.44,3.922543559783186e-6
10.455,3.911673120442624e-6
10.47,3.9008474041268885e-6
10.485,3.890066167727009e-6
10.5,3.879329169772835e-6
10.515,3.868636170419883e-6
10.53,3.857986931436281e-6
10.545,3.8473812161898474e-6
10.56,3.836818789635292e-6
10.575,3.826299418301537e-6
10.59,3.815822870279141e-6
10.605,3.805388915207854e-6
10.62,3.794997324264291e-6
10.635,3.7846478701496944e-6
10.65,3.774340327077845e-6
10.665,3.7640744707630547e-6
10.68,3.7538500784082785e-6
10.695,3.743666928693349e-6
10.71,3.7335248017633008e-6
10.725,3.723423479216805e-6
10.74,3.7133627440947214e-6
10.755,3.703342380868743e-6
10.77,3.6933621754301515e-6
10.785,3.6834219150786666e-6
10.8,3.673521388511409e-6
10.815,3.663660385811955e-6
10.83,3.6538386984394916e-6
10.845,3.6440561192180705e-6
10.86,3.6343124423259676e-6
10.875,3.6246074632851194e-6
10.89,3.6149409789506794e-6
10.905,3.605312787500649e-6
10.92,3.5957226884256047e-6
10.935,3.5861704825185353e-6
10.95,3.5766559718647504e-6
10.965,3.567178959831879e-6
10.98,3.557739251059981e-6
10.995,3.548336651451721e-6
11.01,3.5389709681626405e-6
11.025,3.5296420095915228e-6
11.04,3.520349585370837e-6
11.055,3.5110935063572646e-6
11.07,3.501873584622317e-6
11.085,3.492689633443036e-6
11.1,3.4835414672927722e-6
11.115,3.474428901832046e-6
11.13,3.4653517538994953e-6
11.145,3.456309841502899e-6
11.16,3.4473029838102746e-6
11.175,3.4383310011410677e-6
11.19,3.429393714957408e-6
11.205,3.4204909478554427e-6
11.22,3.411622523556753e-6
11.235,3.4027882668998444e-6
11.25,3.3939880038317e-6
11.265,3.3852215613994315e-6
11.28,3.376488767741975e-6
11.295,3.3677894520818793e-6
11.31,3.3591234447171634e-6
11.325,3.350490577013239e-6
11.34,3.3418906813948996e-6
11.355,3.3333235913383986e-6
11.37,3.3247891413635726e-6
11.385,3.316287167026045e-6
11.4,3.3078175049095045e-6
11.415,3.2993799926180308e-6
11.43,3.2909744687685046e-6
11.445,3.2826007729830736e-6
11.46,3.2742587458816883e-6
11.475,3.2659482290746997e-6
11.49,3.2576690651555174e-6
11.505,3.24942109769334e-6
11.52,3.241204171225937e-6
11.535,3.2330181312525048e-6
11.55,3.2248628242265683e-6
11.565,3.21673809754896e-6
11.58,3.2086437995608466e-6
11.595,3.2005797795368215e-6
11.61,3.1925458876780533e-6
11.625,3.1845419751054913e-6
11.64,3.176567893853139e-6
11.655,3.168623496861369e-6
11.67,3.1607086379703037e-6
11.685,3.1528231719132565e-6
11.7,3.144966954310215e-6
11.715,3.13713984166139e-6
11.73,3.1293416913408236e-6
11.745,3.1215723615900316e-6
11.76,3.113831711511719e-6
11.775,3.106119601063539e-6
11.79,3.0984358910519114e-6
11.805,3.0907804431258763e-6
11.82,3.0831531197710264e-6
11.835,3.0755537843034613e-6
11.85,3.0679823008638138e-6
11.865,3.0604385344113143e-6
11.88,3.0529223507179117e-6
11.895,3.045433616362441e-6
11.91,3.037972198724829e-6
11.925,3.0305379659803746e-6
11.94,3.023130787094045e-6
11.955,3.0157505318148413e-6
11.97,3.0083970706702034e-6
11.985,3.0010702749604595e-6
12.0,2.993770016753325e-6
12.015,2.986496168878444e-6
12.03,2.9792486049219817e-6
12.045,2.9720271992212486e-6
12.06,2.9648318268593852e-6
12.075,2.957662363660077e-6
12.09,2.950518686182323e-6
12.105,2.94340067171524e-6
12.12,2.936308198272911e-6
12.135,2.9292411445892774e-6
12.15,2.922199390113075e-6
12.165,2.9151828150028046e-6
12.18,2.90819130012175e-6
12.195,2.901224727033035e-6
12.21,2.894282977994718e-6
12.225,2.8873659359549296e-6
12.24,2.8804734845470475e-6
12.255,2.8736055080849133e-6
12.27,2.8667618915580843e-6
12.285,2.8599425206271284e-6
12.3,2.853147281618951e-6
12.315,2.8463760615221656e-6
12.33,2.8396287479824977e-6
12.345,2.8329052292982295e-6
12.36,2.8262053944156764e-6
12.375,2.8195291329247017e-6
12.39,2.812876335054273e-6
12.405,2.806246891668044e-6
12.42,2.79964069425998e-6
12.435,2.793057634950015e-6
12.45,2.7864976064797416e-6
12.465,2.77996050220814e-6
12.48,2.77344621610734e-6
12.495,2.766954642758414e-6
12.51,2.760485677347203e-6
12.525,2.7540392156601807e-6
12.54,2.747615154080347e-6
12.555,2.7412133895831524e-6
12.57,2.7348338197324616e-6
12.585,2.7284763426765372e-6
12.6,2.7221408571440727e-6
12.615,2.7158272624402347e-6
12.63,2.7095354584427566e-6
12.645,2.7032653455980523e-6
12.66,2.6970168249173594e-6
12.675,2.6907897979729227e-6
12.69,2.684584166894195e-6
12.705,2.6783998343640756e-6
12.72,2.6722367036151796e-6
12.735,2.666094678426131e-6
12.75,2.659973663117884e-6
12.765,2.6538735625500794e-6
12.78,2.64779428211743e-6
12.795,2.641735727746122e-6
12.81,2.6356978058902587e-6
12.825,2.6296804235283243e-6
12.84,2.623683488159676e-6
12.855,2.6177069078010667e-6
12.87,2.6117505909831895e-6
12.885,2.60581444674725e-6
12.9,2.5998983846415753e-6
12.915,2.5940023147182295e-6
12.93,2.5881261475296725e-6
12.945,2.5822697941254385e-6
12.96,2.576433166048839e-6
12.975,2.5706161753336936e-6
12.99,2.5648187345010814e-6
13.005,2.5590407565561237e-6
13.02,2.5532821549847872e-6
13.035,2.547542843750714e-6
13.05,2.5418227372920715e-6
13.065,2.5361217505184334e-6
13.08,2.530439798807677e-6
13.095,2.5247767980029103e-6
13.11,2.5191326644094206e-6
13.125,2.513507314791642e-6
13.14,2.5079006663701536e-6
13.155,2.5023126368186974e-6
13.17,2.496743144261212e-6
13.185,2.491192107268901e-6
13.2,2.485659444857315e-6
13.215,2.4801450764834595e-6
13.23,2.4746489220429215e-6
13.245,2.4691709018670206e-6
13.26,2.4637109367199806e-6
13.275,2.458268947796122e-6
13.29,2.4528448567170775e-6
13.305,2.447438585529025e-6
13.32,2.442050056699944e-6
13.335,2.4366791931168945e-6
13.35,2.4313259180833105e-6
13.365,2.4259901553163153e-6
13.38,2.4206718289440646e-6
13.395,2.4153708635031016e-6
13.41,2.410087183935728e-6
13.425,2.40482071558741e-6
13.44,2.3995713842041835e-6
13.455,2.3943391159300974e-6
13.47,2.3891238373046647e-6
13.485,2.3839254752603342e-6
13.5,2.3787439571199817e-6
13.515,2.3735792105944242e-6
13.53,2.368431163779945e-6
13.545,2.363299745155841e-6
13.56,2.3581848835819888e-6
13.575,2.3530865082964287e-6
13.59,2.3480045489129603e-6
13.605,2.3429389354187692e-6
13.62,2.3378895981720572e-6
13.635,2.3328564678996963e-6
13.65,2.3278394756949004e-6
13.665,2.3228385530149163e-6
13.68,2.3178536316787198e-6
13.695,2.312884643864746e-6
13.71,2.307931522108622e-6
13.725,2.3029941993009267e-6
13.74,2.2980726086849543e-6
13.755,2.2931666838545083e-6
13.77,2.2882763587517034e-6
13.785,2.283401567664782e-6
13.8,2.2785422452259517e-6
13.815,2.273698326409239e-6
13.83,2.2688697465283492e-6
13.845,2.2640564412345543e-6
13.86,2.259258346514588e-6
13.875,2.2544753986885587e-6
13.89,2.2497075344078763e-6
13.905,2.244954690653196e-6
13.92,2.2402168047323753e-6
13.935,2.235493814278446e-6
13.95,2.2307856572476007e-6
13.965,2.2260922719171946e-6
13.98,2.2214135968837614e-6
13.995,2.216749571061042e-6
14.01,2.2121001336780286e-6
14.025,2.2074652242770235e-6
14.04,2.20284478271171e-6
14.055,2.1982387491452393e-6
14.07,2.1936470640483284e-6
14.085,2.189069668197374e-6
14.1,2.184506502672577e-6
14.115,2.1799575088560834e-6
14.13,2.175422628430138e-6
14.145,2.1709018033752497e-6
14.16,2.166394975968369e-6
14.175,2.161902088781082e-6
14.19,2.1574230846778133e-6
14.205,2.152957906814045e-6
14.22,2.1485064986345457e-6
14.235,2.1440688038716142e-6
14.25,2.1396447665433303e-6
14.265,2.1352343309518284e-6
14.28,2.1308374416815746e-6
14.295,2.1264540435976513e-6
14.31,2.122084081844073e-6
14.325,2.1177275018420932e-6
14.34,2.1133842492885315e-6
14.355,2.1090542701541166e-6
14.37,2.1047375106818377e-6
14.385,2.100433917385298e-6
14.4,2.0961434370470993e-6
14.415,2.09186601671722e-6
14.43,2.087601603711412e-6
14.445,2.0833501456096106e-6
14.46,2.0791115902543513e-6
14.475,2.0748858857492e-6
14.49,2.0706729804571896e-6
14.505,2.066472822999277e-6
14.52,2.062285362252802e-6
14.535,2.0581105473499585e-6
14.55,2.0539483276762804e-6
14.565,2.0497986528691333e-6
14.58,2.0456614728162185e-6
14.595,2.041536737654089e-6
14.61,2.0374243977666737e-6
14.625,2.033324403783808e-6
14.64,2.0292367065797855e-6
14.655,2.025161257271907e-6
14.67,2.021098007219048e-6
14.685,2.0170469080202325e-6
14.7,2.013007911513219e-6
14.715,2.00898096977309e-6
14.73,2.004966035110861e-6
14.745,2.0009630600720916e-6
14.76,1.9969719974355054e-6
14.775,1.9929928002116265e-6
14.79,1.9890254216414192e-6
14.805,1.985069815194935e-6
14.82,1.98112593456998e-6
14.835,1.9771937336907773e-6
14.85,1.9732731667066466e-6
14.865,1.969364187990691e-6
14.88,1.965466752138496e-6
14.895,1.9615808139668286e-6
14.91,1.957706328512355e-6
14.925,1.9538432510303603e-6
14.94,1.9499915369934817e-6
14.955,1.946151142090444e-6
14.97,1.9423220222248102e-6
14.985,1.938504133513738e-6
15.0,1.9346974322867413e-6
