-15.0,2.295848358494818e-5
-14.985,2.1057009085071195e-5
-14.97,1.7879009913742478e-5
-14.955,1.3774515987532224e-5
-14.94,9.196104939362802e-6
-14.925,4.6494246313112185e-6
-14.91,6.367313874847405e-7
-14.895,-2.397730329352819e-6
-14.88,-4.116420063220768e-6
-14.865,-4.324935983149964e-6
-14.85,-2.993565069486636e-6
-14.835,-2.5965539720338e-7
-14.82,3.5872398676259345e-6
-14.805,8.136817191037925e-6
-14.79,1.2902831703293566e-5
-14.775,1.737505103066495e-5
-14.76,2.1074585481251898e-5
-14.745,2.3604591299016826e-5
-14.73,2.4692959615279956e-5
-14.715,2.4220927686363405e-5
-14.7,2.2235277366110104e-5
-14.685,1.894372517644824e-5
-14.67,1.4692088551720873e-5
-14.655,9.927719423588531e-6
-14.64,5.152658351894134e-6
-14.625,8.702899207806708e-7
-14.61,-2.466959805706186e-6
-14.595,-4.505048364490524e-6
-14.58,-5.024979792036365e-6
-14.565,-3.965393228765579e-6
-14.55,-1.4285190023047748e-6
-14.535,2.3302859513140285e-6
-14.52,6.929456985839002e-6
-14.505,1.1900479167130664e-5
-14.49,1.6736290996141744e-5
-14.475,2.0943143828128575e-5
-14.46,2.409106184360522e-5
-14.445,2.585755809110719e-5
-14.43,2.6060363333211802e-5
-14.415,2.467559480409443e-5
-14.4,2.183974913456577e-5
-14.385,1.783613555422175e-5
-14.37,1.3065808864247956e-5
-14.355,8.00720397098391e-6
-14.34,3.168046833904774e-6
-14.325,-9.653248558959048e-7
-14.31,-3.976255723779585e-6
-14.295,-5.55955752198851e-6
-14.28,-5.551111523162501e-6
-14.265,-3.944014538913897e-6
-14.25,-8.89221479577314e-7
-14.235,3.3198742928879553e-6
-14.22,8.276075084262657e-6
-14.205,1.3498514590597236e-5
-14.19,1.8480338838816627e-5
-14.175,2.273709065119411e-5
-14.16,2.5854540433018856e-5
-14.145,2.7528369784503217e-5
-14.13,2.759372640982285e-5
-14.115,2.6040576620932993e-5
-14.1,2.3014624543212448e-5
-14.085,1.880309107981149e-5
-14.07,1.3807051978668938e-5
-14.055,8.502829220250115e-6
-14.04,3.396617236292375e-6
-14.025,-1.0236940911517581e-6
-14.01,-4.334476149179233e-6
-13.995,-6.2169071457618415e-6
-13.98,-6.486216486740426e-6
-13.965,-5.109222228155415e-6
-13.95,-2.2070308852110915e-6
-13.935,1.9562861984597127e-6
-13.92,6.9986919075772555e-6
-13.905,1.2456016123217657e-5
-13.89,1.782503649905793e-5
-13.875,2.2610080461552655e-5
-13.86,2.636893846366026e-5
-13.845,2.8753689163400654e-5
-13.83,2.95420923991777e-5
-13.815,2.8658095986341243e-5
-13.8,2.6178627762198438e-5
-13.785,2.2326062387791577e-5
-13.77,1.7448009389317736e-5
-13.755,1.1985593931927158e-5
-13.74,6.433269295675306e-6
-13.725,1.294139585368682e-6
-13.71,-2.9653573117082045e-6
-13.695,-5.957155354794669e-6
-13.68,-7.40640854163556e-6
-13.665,-7.175929033446289e-6
-13.65,-5.277734673529023e-6
-13.635,-1.8725254152085559e-6
-13.62,2.745584819076317e-6
-13.605,8.174562991064292e-6
-13.59,1.3940532136605942e-5
-13.575,1.9539495138888356e-5
-13.56,2.448149938816443e-5
-13.545,2.8333466887573607e-5
-13.53,3.075714840793391e-5
-13.515,3.1538231531454e-5
-13.5,3.060480287669991e-5
-13.485,2.803345306635483e-5
-13.47,2.4042344464987e-5
-13.455,1.897228876543666e-5
-13.44,1.325732545832077e-5
-13.425,7.387152185941935e-6
-13.41,1.8653789670395838e-6
-13.395,-2.8334952333698824e-6
-13.38,-6.304422658672581e-6
-13.365,-8.246131008306437e-6
-13.35,-8.486422314936891e-6
-13.335,-6.996392679115415e-6
-13.32,-3.892905409259178e-6
-13.305,5.716588889624415e-7
-13.29,6.030480505775244e-6
-13.275,1.2033489492082897e-5
-13.26,1.8084534617046713e-5
-13.245,2.368299849568108e-5
-13.23,2.8365073473777718e-5
-13.215,3.1742325550126e-5
-13.2,3.35332220053642e-5
-13.185,3.358659860029518e-5
-13.17,3.189335100600822e-5
-13.155,2.8587433960738708e-5
-13.14,2.3934428106753916e-5
-13.125,1.8309931856297574e-5
-13.11,1.2168747028238972e-5
-13.095,6.0082896207028414e-6
-13.08,3.2783086905354743e-7
-13.065,-4.411266356331444e-6
-13.05,-7.822508651867268e-6
-13.035,-9.625392414238751e-6
-13.02,-9.667662419924722e-6
-13.005,-7.936971769277452e-6
-12.99,-4.561817328190934e-6
-12.975,1.9868502734783953e-7
-12.96,5.9757019953687075e-6
-12.945,1.2319866670959786e-5
-12.93,1.8736462506046104e-5
-12.915,2.4724759784910923e-5
-12.9,2.9816658607253445e-5
-12.885,3.361343713671078e-5
-12.87,3.5816727171916286e-5
-12.855,3.6251349632249356e-5
-12.84,3.487871680799306e-5
-12.825,3.17998106475824e-5
-12.81,2.7246939536899154e-5
-12.795,2.1565918557634992e-5
-12.78,1.5189380270243167e-5
-12.765,8.603593918189587e-6
-12.75,2.3114460867618944e-6
-12.735,-3.2058698990470216e-6
-12.72,-7.525003952507813e-6
-12.705,-1.0312913382100342e-5
-12.69,-1.1351221620270879e-5
-12.675,-1.0552732033565345e-5
-12.66,-7.967819812103257e-6
-12.645,-3.780331210591036e-6
-12.63,1.7060088504967217e-6
-12.615,8.090833555365877e-6
-12.6,1.4906358485449402e-5
-12.585,2.1652592429806606e-5
-12.57,2.7833641862293336e-5
-12.555,3.299493845426823e-5
-12.54,3.6755871445135674e-5
-12.525,3.88376429411968e-5
-12.51,3.9083799357802666e-5
-12.495,3.7470967612104284e-5
-12.48,3.411076490096033e-5
-12.465,2.9241409268034187e-5
-12.45,2.3210262835054475e-5
-12.435,1.6448769521254012e-5
-12.42,9.44134188678335e-6
-12.405,2.690848691214291e-6
-12.39,-3.3176681097422595e-6
-12.375,-8.151139614000237e-6
-12.36,-1.1459593307391635e-5
-12.345,-1.3000139516428222e-5
-12.33,-1.2654591503822146e-5
-12.315,-1.0437361977572113e-5
-12.3,-6.49436412480007e-6
-12.285,-1.0924042300071403e-6
-12.27,5.399298914960252e-6
-12.255,1.253521874872299e-5
-12.24,1.9824537441321334e-5
-12.225,2.6764728707259004e-5
-12.21,3.28770979949609e-5
-12.195,3.773908029653458e-5
-12.18,4.1013539296914365e-5
-12.165,4.247145959356762e-5
-12.15,4.20076002424037e-5
-12.135,3.964767847940738e-5
-12.12,3.5546209938332785e-5
-12.105,2.9975910782667005e-5
-12.09,2.3309109375248743e-5
-12.075,1.5992657679880888e-5
-12.06,8.517712178251849e-6
-12.045,1.386864610399659e-6
-12.03,-4.919781572391971e-6
-12.015,-9.976131394345896e-6
-12.0,-1.34385312174967e-5
-11.985,-1.5068693707713914e-5
-11.97,-1.4748609932612056e-5
-11.955,-1.2489224702959304e-5
-11.94,-8.428476318008454e-6
-11.925,-2.8228487136004052e-6
-11.91,3.969950333409096e-6
-11.895,1.1514255100964775e-5
-11.88,1.9324724873214397e-5
-11.865,2.6898357923647063e-5
-11.85,3.374642211078387e-5
-11.835,3.942635802091816e-5
-11.82,4.357000821003278e-5
-11.805,4.590707342762397e-5
-11.79,4.628237910609216e-5
-11.775,4.466553283331237e-5
-11.76,4.115289822373441e-5
-11.745,3.596089716453452e-5
-11.73,2.941273043019497e-5
-11.715,2.19174125145447e-5
-11.7,1.3944321290697654e-5
-11.685,5.993293445836598e-6
-11.67,-1.4360902071013874e-6
-11.655,-7.876273617187571e-6
-11.64,-1.2920216061461797e-5
-11.625,-1.624695827105215e-5
-11.61,-1.7640992607357508e-5
-11.595,-1.7005605372269722e-5
-11.58,-1.4368767118029108e-5
-11.565,-9.88099105370703e-6
-11.55,-3.806299772441257e-6
-11.535,3.494255729669381e-6
-11.52,1.1584494938891167e-5
-11.505,1.9979605171429566e-5
-11.49,2.8175797727622648e-5
-11.475,3.568009397886041e-5
-11.46,4.2040611566378055e-5
-11.445,4.687303716619764e-5
-11.43,4.9883911064010106e-5
-11.415,5.088768729137828e-5
-11.4,4.981772374777587e-5
-11.385,4.673019487724316e-5
-11.37,4.180061606069699e-5
-11.355,3.5313225140684e-5
-11.34,2.764416187991845e-5
-11.325,1.9239658833162688e-5
-11.31,1.0589428850880561e-5
-11.295,2.198484909994511e-6
-11.28,-5.442416522099088e-6
-11.265,-1.1885122913501414e-5
-11.25,-1.6749865122272223e-5
-11.235,-1.974694757162767e-5
-11.22,-2.0693631201466254e-5
-11.205,-1.952396150049326e-5
-11.19,-1.6292921727978274e-5
-11.175,-1.1172658865918313e-5
-11.16,-4.442903991499353e-6
-11.145,3.5247168908383563e-6
-11.13,1.2288584169286659e-5
-11.115,2.1361161273095353e-5
-11.1,3.023693322096638e-5
-11.085,3.842029895316717e-5
-11.07,4.5453640103812816e-5
-11.055,5.094222094722787e-5
-11.04,5.457648783170307e-5
-11.025,5.614877753701407e-5
-11.01,5.556479199593984e-5
-10.995,5.2848643512187384e-5
-10.98,4.8141176178594735e-5
-10.965,4.169282510025183e-5
-10.95,3.384873930038363e-5
-10.935,2.5031103994445103e-5
-10.92,1.571532608461424e-5
-10.905,6.404707091636355e-6
-10.89,-2.396715995516728e-6
-10.875,-1.0211446998467714e-5
-10.86,-1.66138848762054e-5
-10.845,-2.1253009936807177e-5
-10.83,-2.3871095756025558e-5
-10.815,-2.4317177303956904e-5
-10.8,-2.255506001561028e-5
-10.785,-1.8664867523062718e-5
-10.77,-1.2839070150626373e-5
-10.755,-5.3719204387793635e-6
-10.74,3.355809233360352e-6
-10.725,1.289691425859043e-5
-10.71,2.2761051057743816e-5
-10.695,3.244003667622399e-5
-10.68,4.143450955017152e-5
-10.665,4.92792260996842e-5
-10.65,5.556734196173311e-5
-10.635,5.9970860172081976e-5
-10.62,6.225752068749835e-5
-10.605,6.230259638495875e-5
-10.59,6.009482244788007e-5
-10.575,5.5737173427891465e-5
-10.56,4.944124498593275e-5
-10.545,4.151694720307665e-5
-10.53,3.235635539513453e-5
-10.515,2.2414267914690947e-5
-10.5,1.218543606451937e-5
-10.485,2.179893001432631e-6
-10.47,-7.10232090077517e-6
-10.455,-1.51960630203141e-5
-10.44,-2.1693805666642583e-5
-10.425,-2.6265545758288842e-5
-10.41,-2.867521018675017e-5
-10.395,-2.8791745715682285e-5
-10.38,-2.6595769462021838e-5
-10.365,-2.2180100469272375e-5
-10.35,-1.574536075600045e-5
-10.335,-7.590030275344384e-6
-10.32,1.9038209062230898e-6
-10.305,1.2289145765811733e-5
-10.29,2.3075254985734037e-5
-10.275,3.375131893083619e-5
-10.26,4.3810576030495996e-5
-10.245,5.277470341053756e-5
-10.23,6.021582999662709e-5
-10.215,6.577725295003119e-5
-10.2,6.918976632643919e-5
-10.185,7.028445717872048e-5
-10.17,6.900023367803525e-5
-10.155,6.538679318903522e-5
-10.14,5.960217572601045e-5
-10.125,5.1905299776628595e-5
-10.11,4.264398916433019e-5
-10.095,3.223876807525515e-5
-10.08,2.1163814944032183e-5
-10.065,9.924684081275562e-6
-10.05,-9.641568352251907e-7
-10.035,-1.100318887008528e-5
-10.02,-1.973023766056e-5
-10.005,-2.6741491000230935e-5
-9.99,-3.1709407208204965e-5
-9.975,-3.439763401437048e-5
-9.96,-3.467145740934955e-5
-9.945,-3.250345830969915e-5
-9.93,-2.7975087570184274e-5
-9.915,-2.1272715688966365e-5
-9.9,-1.267925694875273e-5
-9.885,-2.561806029309298e-6
-9.87,8.644701956139749e-6
-9.855,2.04565972075757e-5
-9.84,3.2362605254041974e-5
-9.825,4.3846158228247555e-5
-9.81,5.440790929364452e-5
-9.795,6.358716632268287e-5
-9.78,7.098196394807368e-5
-9.765,7.626614472241556e-5
-9.75,7.920346412797604e-5
-9.735,7.965752155896739e-5
-9.72,7.759749201529555e-5
-9.705,7.309938887181047e-5
-9.69,6.634289709701687e-5
-9.675,5.760349677262454e-5
-9.66,4.724093738017005e-5
-9.645,3.5683966102197994e-5
-9.63,2.341257389361785e-5
-9.615,1.0937518368585534e-5
-9.6,-1.2203815828848895e-6
-9.585,-1.2552580571279184e-5
-9.57,-2.258308000412934e-5
-9.555,-3.088859654505658e-5
-9.54,-3.711546198822533e-5
-9.525,-4.099452574514945e-5
-9.51,-4.2351794352129045e-5
-9.495,-4.1115384843474595e-5
-9.48,-3.7318833206634625e-5
-9.465,-3.109906233346477e-5
-9.45,-2.2691283468419063e-5
-9.435,-1.2419220694206812e-5
-9.42,-6.822346544708137e-7
-9.405,1.206075819077171e-5
-9.39,2.5309622629069827e-5
-9.375,3.854281216968955e-5
-9.36,5.12379943978935e-5
-9.345,6.289283055066205e-5
-9.33,7.30445335892255e-5
-9.315,8.128820512871543e-5
-9.3,8.729228585185551e-5
-9.285,9.081179022309641e-5
-9.27,9.169762829954679e-5
-9.255,8.990233901526148e-5
-9.24,8.548191213906787e-5
-9.225,7.859346452840855e-5
-9.21,6.948934544574654e-5
-9.195,5.850726109810109e-5
-9.18,4.60575266041359e-5
-9.165,3.2607361631573565e-5
-9.15,1.866308917470378e-5
-9.135,4.7512402622587144e-6
-9.12,-8.601551227716565e-6
-9.105,-2.0888169183340965e-5
-9.09,-3.163974981827574e-5
-9.075,-4.044377368762151e-5
-9.06,-4.695865458075542e-5
-9.045,-5.092682500611039e-5
-9.03,-5.218392567249269e-5
-9.015,-5.06652154935394e-5
-9.0,-4.640744660329491e-5
-8.985,-3.954782180296278e-5
-8.97,-3.0318734676020984e-5
-8.955,-1.9039509975529896e-5
-8.94,-6.104579122627016e-6
-8.925,8.03056793769733e-6
-8.91,2.2866109314586562e-5
-8.895,3.7875219374001684e-5
-8.88,5.252386832890228e-5
-8.865,6.628886780623493e-5
-8.85,7.867720033541002e-5
-8.835,8.924312692085176e-5
-8.82,9.760386545976952e-5
-8.805,0.00010345331147828852
-8.79,0.00010657252415099821
-8.775,0.00010683743784340366
-8.76,0.00010422330761404282
-8.745,9.880517979110822e-5
-8.73,9.075566958665711e-5
-8.715,8.033879273140346e-5
-8.7,6.790091236970504e-5
-8.685,5.385870779876185e-5
-8.67,3.8685140734548554e-5
-8.655,2.2893195641372354e-5
-8.64,7.018493336434154e-6
-8.625,-8.398933329533786e-6
-8.61,-2.2832779868944384e-5
-8.595,-3.578806554148463e-5
-8.58,-4.6818063787366385e-5
-8.565,-5.553885584090432e-5
-8.55,-6.164224124752633e-5
-8.535,-6.490616524180551e-5
-8.52,-6.520169987656831e-5
-8.505,-6.24975988902122e-5
-8.49,-5.686109868913365e-5
-8.475,-4.8455944519334486e-5
-8.46,-3.753676953500791e-5
-8.445,-2.4440998755705028e-5
-8.43,-9.577852024328415e-6
-8.415,6.584936990091664e-6
-8.4,2.353613962080308e-5
-8.385,4.0737611367341484e-5
-8.37,5.7641140950647034e-5
-8.355,7.37064655858875e-5
-8.34,8.841812316356911e-5
-8.325,0.00010130184205924741
-8.31,0.00011193967059953543
-8.295,0.00011998292689910205
-8.28,0.0001251634670529033
-8.265,0.00012730176348591885
-8.25,0.00012631269089234649
-8.235,0.0001222081467179397
-8.22,0.00011509677712672164
-8.205,0.00010518047125053764
-8.19,9.274824541623908e-5
-8.175,7.816748001713879e-5
-8.16,6.187253951290894e-5
-8.145,4.435170407493981e-5
-8.13,2.613210918622138e-5
-8.115,7.764146139450268e-6
-8.1,-1.0195463391237166e-5
-8.085,-2.7200302555776304e-5
-8.07,-4.273049748221596e-5
-8.055,-5.6308419078783933e-5
-8.04,-6.751303822685643e-5
-8.025,-7.599205033034852e-5
-8.01,-8.147265272751609e-5
-7.995,-8.376961976212299e-5
-7.98,-8.279043618007688e-5
-7.965,-7.853844380089408e-5
-7.95,-7.111250552629265e-5
-7.935,-6.070427002778845e-5
-7.92,-4.7592705225889406e-5
-7.905,-3.213595093361907e-5
-7.89,-1.4761065208243908e-5
-7.875,4.048052716103079e-6
-7.86,2.3764743513610812e-5
-7.845,4.383437285564804e-5
-7.83,6.369009351202384e-5
-7.815,8.276902877720565e-5
-7.8,0.00010052791833201091
-7.785,0.00011645875982725297
-7.77,0.0001301027574262803
-7.755,0.00014106323726080692
-7.74,0.00014901684558962588
-7.725,0.00015372234888252044
-7.71,0.00015502761416087728
-7.695,0.00015287372218209628
-7.68,0.0001472964929649335
-7.665,0.00013842590572427785
-7.65,0.0001264822816066525
-7.635,0.00011177057019565669
-7.62,9.467206862330987e-5
-7.605,7.563409888665821e-5
-7.59,5.5158202822736094e-5
-7.575,3.378654074575856e-5
-7.56,1.208756271145297e-5
-7.545,-9.359218694249225e-6
-7.53,-2.9978503013678602e-5
-7.515,-4.9214496173971586e-5
-7.5,-6.654559129150067e-5
-7.485,-8.149799523056924e-5
-7.47,-9.365822741193091e-5
-7.455,-0.00010268412162039795
-7.44,-0.00010831358839652534
-7.425,-0.00011037140738238215
-7.41,-0.00010877416528516835
-7.395,-0.00010353216047995796
-7.38,-9.474938813362247e-5
-7.365,-8.26208866483442e-5
-7.35,-6.742798235310362e-5
-7.335,-4.953097030368771e-5
-7.32,-2.9360552316253913e-5
-7.305,-7.406471649082565e-6
-7.29,1.579423932758411e-5
-7.275,3.96710585215374e-5
-7.26,6.363376565833172e-5
-7.245,8.708756462136687e-5
-7.23,0.00010944737347651199
-7.215,0.00013015250812338714
-7.2,0.0001486805995800324
-7.185,0.00016456020223301488
-7.17,0.00017738260423085523
-7.155,0.00018681168049759282
-7.14,0.0001925922214728822
-7.125,0.0001945563499131883
-7.11,0.00019262729772060905
-7.095,0.00018682183489105046
-7.08,0.00017724956801333283
-7.065,0.00016411073594359044
-7.05,0.0001476914861171382
-7.035,0.00012835713592105046
-7.02,0.00010654374226372798
-7.005,8.274793301117618e-5
-6.99,5.7515370216167165e-5
-6.975,3.142802000409936e-5
-6.96,5.090626525118539e-6
-6.945,-2.088309515596614e-5
-6.93,-4.5884814554789846e-5
-6.915,-6.932555447369202e-5
-6.9,-9.064924585402674e-5
-6.885,-0.00010934545915449289
-6.87,-0.00012496117093757178
-6.855,-0.00013711103882160317
-6.84,-0.00014548637538628657
-6.825,-0.00014986208606609382
-6.81,-0.00015010211887563717
-6.795,-0.0001461622196882156
-6.78,-0.00013809158244114253
-6.765,-0.00012603162148671555
-6.75,-0.00011021305522695778
-6.735,-9.095095110817367e-5
-6.72,-6.863806457041441e-5
-6.705,-4.3736139968186966e-5
-6.69,-1.676628427957877e-5
-6.675,1.1702596559149843e-5
-6.66,4.106590964157931e-5
-6.645,7.069624479825823e-5
-6.63,9.995704342313713e-5
-6.615,0.00012821620709432455
-6.6,0.00015485964950546222
-6.585,0.0001793041207493797
-6.57,0.00020101016602982533
-6.555,0.0002194931453488432
-6.54,0.0002343340718805253
-6.525,0.00024518791588662697
-6.51,0.0002517917110756806
-6.495,0.0002539695854645724
-6.48,0.00025163700734084964
-6.465,0.00024480263484606376
-6.45,0.0002335682526516076
-6.435,0.0002181270482334576
-6.42,0.00019875980633567064
-6.405,0.0001758292172809711
-6.39,0.00014977302070951577
-6.375,0.00012109507254434537
-6.36,9.03553087594192e-5
-6.345,5.815869910994233e-5
-6.33,2.5143362315496e-5
-6.315,-8.032460005639154e-6
-6.3,-4.070310930978665e-5
-6.285,-7.220902334739811e-5
-6.27,-0.00010190937872813771
-6.255,-0.0001291952360612752
-6.24,-0.000153501327444438
-6.225,-0.00017431719833757253
-6.21,-0.0001911973325333668
-6.195,-0.0002037701384338995
-6.18,-0.00021174516474145296
-6.165,-0.00021491912080703613
-6.15,-0.00021317976272773042
-6.135,-0.00020650848453859913
-6.12,-0.0001949811024274961
-6.105,-0.0001787662161175641
-6.09,-0.0001581227558130008
-6.075,-0.00013339518949273278
-6.06,-0.00010500724219073236
-6.045,-7.345436139026322e-5
-6.03,-3.92945173186951e-5
-6.015,-3.138086940723336e-6
-6.0,3.436322007809529e-5
-5.985,7.252848317286201e-5
-5.97,0.00011065957541626451
-5.955,0.00014805454901306754
-5.94,0.00018401983726041522
-5.925,0.00021788331373194587
-5.91,0.00024900629761356294
-5.895,0.00027679544611506533
-5.88,0.00030071338420135663
-5.865,0.0003202887239267262
-5.85,0.00033512459393372584
-5.835,0.0003449060130664394
-5.82,0.000349405850723787
-5.805,0.000348488963789375
-5.79,0.00034211530135004527
-5.775,0.0003303404144909231
-5.76,0.00031331541485161925
-5.745,0.00029128413238152425
-5.73,0.00026457979489736405
-5.715,0.00023361916404986412
-5.7,0.00019889591555189616
-5.685,0.00016097229095418726
-5.67,0.00012046993281872689
-5.655,7.805933975106469e-5
-5.64,3.444873633279939e-5
-5.625,-9.627754699632701e-6
-5.61,-5.3422397404957064e-5
-5.595,-9.618646043705002e-5
-5.58,-0.00013718259117013193
-5.565,-0.00017569730795361941
-5.55,-0.0002110529621754543
-5.535,-0.0002426190501793422
-5.52,-0.0002698229122042243
-5.505,-0.0002921593766981928
-5.49,-0.00030919937513509217
-5.475,-0.00032059716480375375
-5.46,-0.0003260965931656844
-5.445,-0.00032553539087306623
-5.43,-0.0003188483868432456
-5.415,-0.0003060689764792319
-5.4,-0.00028732898013719645
-5.385,-0.00026285719765420417
-5.37,-0.00023297586554258342
-5.355,-0.00019809639760452532
-5.34,-0.00015871306658980767
-5.325,-0.00011539562072874839
-5.31,-6.878083158881695e-5
-5.295,-1.9562725243228987e-5
-5.28,3.151787201149822e-5
-5.265,8.368465364985045e-5
-5.25,0.00013613754172160555
-5.235,0.00018806516963763305
-5.22,0.0002386569980146418
-5.205,0.0002871160313760071
-5.19,0.0003326707422581838
-5.175,0.0003745872817029901
-5.16,0.00041218048037693636
-5.145,0.00044482470539801894
-5.13,0.00047196347668604594
-5.115,0.0004931182481363931
-5.1,0.0005078959310211775
-5.085,0.0005159953591826988
-5.07,0.0005172120816454586
-5.055,0.0005114420821492075
-5.04,0.0004986839258128353
-5.025,0.00047903922147434007
-5.01,0.0004527118503859973
-4.995,0.0004200056363238419
-4.98,0.0003813203563813436
-4.965,0.00033714670899679983
-4.95,0.00028805975272309904
-4.935,0.00023471103117359693
-4.92,0.00017781992909002693
-4.905,0.0001181635620563494
-4.89,5.656634047913443e-5
-4.875,-6.111577881698625e-6
-4.86,-6.898611405577477e-5
-4.845,-0.00013116163264997172
-4.83,-0.00019174339932171501
-4.815,-0.0002498500702855765
-4.8,-0.0003046260075144372
-4.785,-0.0003552534850988927
-4.77,-0.00040096410331869026
-4.755,-0.0004410496357445818
-4.74,-0.0004748725096413342
-4.725,-0.000501874565976986
-4.71,-0.0005215855086124011
-4.695,-0.0005336298416348263
-4.68,-0.0005377325172495539
-4.665,-0.0005337235753153043
-4.65,-0.000521540830435824
-4.635,-0.0005012318722998954
-4.62,-0.00047295383876971647
-4.605,-0.0004369723990883365
-4.59,-0.00039365884241064327
-4.575,-0.0003434860281539493
-4.56,-0.00028702291734822663
-4.545,-0.00022492768170354502
-4.53,-0.00015793995613389177
-4.515,-8.687159464315061e-5
-4.5,-1.2596843809478553e-5
-4.485,6.395860035635137e-5
-4.47,0.00014182916504988348
-4.455,0.0002200214915548669
-4.44,0.0002975269261219284
-4.425,0.00037333432350467
-4.41,0.0004464428927142376
-4.395,0.000515875048190762
-4.38,0.0005806889100860166
-4.365,0.0006399904798343436
-4.35,0.0006929452680712957
-4.335,0.0007387892048711215
-4.32,0.0007768387921106022
-4.305,0.0008065003037592973
-4.29,0.0008272778778979704
-4.275,0.0008387804122297286
-4.26,0.0008407272461910352
-4.245,0.0008329527508672463
-4.23,0.0008154090489238073
-4.215,0.000788167803162788
-4.2,0.0007514202997250715
-4.185,0.0007054761296681812
-4.17,0.00065076057378704
-4.155,0.0005878103944336729
-4.14,0.0005172685185017333
-4.125,0.0004398770521682002
-4.11,0.0003564695109349089
-4.095,0.00026796163419045557
-4.08,0.00017534129792752168
-4.065,7.965749666286187e-5
-4.05,-1.799155590252493e-5
-4.035,-0.00011647065316665863
-4.02,-0.00021462072835858232
-4.005,-0.00031127214230719654
-3.99,-0.00040525809980023435
-3.975,-0.0004954283483415143
-3.96,-0.0005806623878653204
-3.945,-0.0006598828896954356
-3.93,-0.0007320684593815356
-3.915,-0.000796265739096117
-3.9,-0.0008516010395503698
-3.885,-0.0008972910056116939
-3.87,-0.0009326523618305119
-3.855,-0.000957110795676844
-3.84,-0.0009702081322090867
-3.825,-0.0009716090095706322
-3.81,-0.0009611055743758545
-3.795,-0.0009386211962673083
-3.78,-0.0009042126151426768
-3.765,-0.0008580705062414735
-3.75,-0.000800518968396816
-3.735,-0.0007320129725981402
-3.72,-0.000653134968647505
-3.705,-0.0005645895458439572
-3.69,-0.00046719716229132755
-3.675,-0.00036188619259148937
-3.66,-0.0002496840206607693
-3.645,-0.00013170702905246113
-3.63,-9.149151717172057e-6
-3.615,0.00011672981097521473
-3.6,0.0002446175128105912
-3.585,0.00037316213126103244
-3.57,0.0005009867264079691
-3.555,0.0006267034832371068
-3.54,0.0007489284032354657
-3.525,0.000866296056036368
-3.51,0.000977474174207979
-3.495,0.001081178000489724
-3.48,0.0011761843456150976
-3.465,0.00126134505759228
-3.45,0.0013355998847187486
-3.435,0.0013979883592985722
-3.42,0.0014476609672755209
-3.405,0.0014838889718038991
-3.39,0.0015060735614172772
-3.375,0.0015137531144735678
-3.36,0.0015066096654373945
-3.345,0.0014844736530792468
-3.33,0.00144732728188603
-3.315,0.001395306312457274
-3.3,0.0013287004864882045
-3.285,0.0012479522041574835
-3.27,0.0011536538904578341
-3.255,0.0010465433835308874
-3.24,0.0009274984528196289
-3.225,0.0007975293014925087
-3.21,0.0006577701259616274
-3.195,0.0005094690739943137
-3.18,0.0003539770783951052
-3.165,0.00019273565980777808
-3.15,2.7263643250665068e-5
-3.135,-0.00014085691439104535
-3.12,-0.0003099957019819914
-3.105,-0.0004784896089591538
-3.09,-0.0006446584754680553
-3.075,-0.0008068216485287342
-3.06,-0.0009633140386086103
-3.045,-0.0011125026471954555
-3.03,-0.0012528028746307612
-3.015,-0.0013826941060250976
-3.0,-0.001500735383629316
-2.985,-0.0016055800607646749
-2.97,-0.0016959898229880613
-2.955,-0.0017708477969642555
-2.94,-0.0018291705855821134
-2.925,-0.0018701191869754416
-2.91,-0.0018930085399032387
-2.895,-0.001897315865620297
-2.88,-0.001882687432911602
-2.865,-0.0018489437620195107
-2.85,-0.001796083353814475
-2.835,-0.0017242847161219653
-2.82,-0.0016339067369106949
-2.805,-0.0015254873034586194
-2.79,-0.0013997404633124386
-2.775,-0.0012575515690130326
-2.76,-0.0010999712597898645
-2.745,-0.0009282072942453442
-2.73,-0.0007436154764148033
-2.715,-0.000547688544127813
-2.7,-0.0003420441759852014
-2.685,-0.00012841148220220038
-2.67,9.138367718815031e-5
-2.655,0.0003154340914204574
-2.64,0.0005417677850952194
-2.625,0.0007683652558400369
-2.61,0.000993177322801623
-2.595,0.0012141431528221714
-2.58,0.0014292089240222636
-2.565,0.0016363464401791218
-2.55,0.0018335714960770366
-2.535,0.002018962472585263
-2.52,0.0021906778708091572
-2.505,0.002346974061652806
-2.49,0.0024862215120135486
-2.475,0.002606920878425172
-2.46,0.0027077176828227364
-2.445,0.0027874157120351107
-2.43,0.002844989554960021
-2.415,0.002879595397743986
-2.4,0.0028905804889881735
-2.385,0.0028774907946179607
-2.37,0.002840077416628274
-2.355,0.0027783006484975296
-2.34,0.0026923328275918327
-2.325,0.0025825588594644466
-2.31,0.0024495753694116986
-2.295,0.002294187557254639
-2.28,0.0021174045848794203
-2.265,0.0019204328637837014
-2.25,0.0017046677810529604
-2.235,0.0014716836057496222
-2.22,0.0012232218851697936
-2.205,0.0009611780814493143
-2.19,0.0006875870503439606
-2.175,0.000404607094477017
-2.16,0.00011450259148804948
-2.145,-0.0001803739500818814
-2.13,-0.00047760115188001667
-2.115,-0.0007747085802596809
-2.1,-0.0010691972679957341
-2.085,-0.0013585603281806346
-2.07,-0.0016403042203263717
-2.055,-0.001911969953067244
-2.04,-0.0021711538109422724
-2.025,-0.0024155283392527497
-2.01,-0.0026428624045692077
-1.995,-0.0028510407917721687
-1.98,-0.003038083090504751
-1.965,-0.0032021612572639326
-1.95,-0.0033416164762778175
-1.935,-0.0034549742596369365
-1.92,-0.003540958552971442
-1.905,-0.0035985040561557495
-1.89,-0.003626766886422133
-1.875,-0.0036251336106152814
-1.86,-0.003593228288474053
-1.845,-0.0035309176355953543
-1.83,-0.003438314349499722
-1.815,-0.0033157782535259846
-1.8,-0.0031639154796608993
-1.785,-0.00298357555089488
-1.77,-0.0027758467162622962
-1.755,-0.002542048814034752
-1.74,-0.002283724674546178
-1.725,-0.002002629261814895
-1.71,-0.0017007172599151452
-1.695,-0.0013801288834376535
-1.68,-0.0010431738320738025
-1.665,-0.000692314339936764
-1.65,-0.00033014611992687656
-1.635,4.062121954477786e-5
-1.62,0.00041718528707106433
-1.605,0.0007966724768340729
-1.59,0.0011761607899473032
-1.575,0.0015527026257299602
-1.56,0.0019233482908481748
-1.545,0.0022851693756502276
-1.53,0.0026352825658010224
-1.515,0.0029708725971131058
-1.5,0.0032892152484676022
-1.485,0.003587699708138495
-1.47,0.0038638497194624683
-1.455,0.004115344557855875
-1.44,0.004340037888011215
-1.425,0.004535976248481121
-1.41,0.004701415421394583
-1.395,0.004834835619769324
-1.38,0.0049349546664974
-1.365,0.005000739654790513
-1.35,0.005031416390402607
-1.335,0.005026476940578201
-1.32,0.004985685266425687
-1.305,0.0049090802511730204
-1.29,0.004796977223874923
-1.275,0.004649966604932839
-1.26,0.004468910983673067
-1.245,0.0042549396109387745
-1.23,0.004009440839851984
-1.215,0.0037340526783822534
-1.2,0.0034306511632113813
-1.185,0.0031013367293188016
-1.17,0.002748419071273913
-1.155,0.0023743999863255877
-1.14,0.0019819547759019986
-1.125,0.0015739122398642032
-1.11,0.001153233366861419
-1.095,0.000722988921939688
-1.08,0.0002863360033528544
-1.065,-0.00015350587598325993
-1.05,-0.0005932795610155641
-1.035,-0.001029715319424437
-1.02,-0.0014595559014378935
-1.005,-0.0018795817113584855
-0.99,-0.0022866358196604896
-0.975,-0.0026776483577042303
-0.96,-0.0030496604260834854
-0.945,-0.003399847077580397
-0.93,-0.0037255393827630313
-0.915,-0.004024245325299612
-0.9,-0.0042936692619673375
-0.885,-0.0045317299225505385
-0.87,-0.004736576872420125
-0.855,-0.004906604939911408
-0.84,-0.005040467006948958
-0.825,-0.005137084668824314
-0.81,-0.005195656811562644
-0.795,-0.005215665997481712
-0.78,-0.005196882806693231
-0.765,-0.005139367696261041
-0.75,-0.0050434706842624865
-0.735,-0.004909828905281618
-0.72,-0.004739361636709882
-0.705,-0.0045332634501578815
-0.69,-0.004292994812395711
-0.675,-0.004020270999264114
-0.66,-0.0037170486793991417
-0.645,-0.0033855108001502984
-0.63,-0.0030280496278637793
-0.615,-0.0026472481312390566
-0.6,-0.002245859852980789
-0.585,-0.0018267875424453242
-0.57,-0.001393060439036289
-0.555,-0.0009478107827437165
-0.54,-0.0004942491983715957
-0.525,-3.563994590990215e-5
-0.51,0.000424724873738251
-0.495,0.000883550747272712
-0.48,0.0013375665371102732
-0.465,0.0017835499464678877
-0.45,0.002218352792557172
-0.435,0.0026389254461476825
-0.42,0.0030423405047704786
-0.405,0.0034258158723657244
-0.39,0.0037867363274173486
-0.375,0.004122673851787541
-0.36,0.004431406770717233
-0.345,0.0047109369624658256
-0.33,0.004959505559649094
-0.315,0.005175606873300749
-0.3,0.005358000122172302
-0.285,0.005505719504893759
-0.27,0.005618082155468719
-0.255,0.0056946936712948485
-0.24,0.005735452257030429
-0.225,0.005740550131973144
-0.21,0.005710473521176918
-0.195,0.005646000400625693
-0.18,0.005548196867555898
-0.165,0.005418411642189276
-0.15,0.005258269937846623
-0.135,0.005069666226608966
-0.12,0.004854757323547953
-0.105,0.0046159565907343625
-0.09,0.0043559311822898425
-0.075,0.004077605150699114
-0.06,0.0037841754044847906
-0.045,0.0034791526087456985
-0.03,0.0031664619273823144
-0.015,0.0028507160665794035
0.015,0.0023888698547714143
0.03,0.002245928434877753
0.045,0.002106224329116593
0.06,0.001968227959035582
0.075,0.0018310220438785595
0.09,0.001694004480738792
0.105,0.001556764268891494
0.12,0.001419018087374588
0.135,0.0012805735869705352
0.15,0.001141306042775253
0.165,0.00100114287156148
0.18,0.0008600528076751157
0.195,0.000718037829490114
0.21,0.0005751273468020083
0.225,0.0004313734035032622
0.24,0.0002868471246691379
0.255,0.00014163560472532668
0.27,-4.160378141607394e-6
0.285,-0.00015042857818743345
0.3,-0.0002970469634655837
0.315,-0.0004438853348411397
0.33,-0.0005908064800921062
0.345,-0.0007376675709052909
0.36,-0.0008843210814936075
0.375,-0.001030615831903843
0.39,-0.0011763977413625512
0.405,-0.0013215107222660147
0.42,-0.001465797329467456
0.435,-0.0016090995467846494
0.45,-0.0017512592381771232
0.465,-0.001892118827755698
0.48,-0.0020315218608407226
0.495,-0.0021693134015335685
0.51,-0.002305340520135599
0.525,-0.002439452761075882
0.54,-0.002571502553886369
0.555,-0.0027013455200176175
0.57,-0.0028288408139019714
0.585,-0.0029538515052361103
0.6,-0.0030762447783415025
0.615,-0.0031958923736132173
0.63,-0.003312670539444299
0.645,-0.0034264605375879244
0.66,-0.0035371487565044
0.675,-0.003644626759406081
0.69,-0.003748791656936505
0.705,-0.003849546091785267
0.72,-0.003946798448789526
0.735,-0.004040462917182967
0.75,-0.004130459528242667
0.765,-0.004216714361869129
0.78,-0.004299159542336644
0.795,-0.00437773315469912
0.81,-0.004452379429649278
0.825,-0.004523048715358334
0.84,-0.004589697391970096
0.855,-0.004652287940295468
0.87,-0.0047107888747465465
0.885,-0.004765174691488154
0.9,-0.0048154258050307555
0.915,-0.0048615285274140356
0.93,-0.004903474913809892
0.945,-0.004941262750251975
0.96,-0.0049748954123066055
0.975,-0.00500438178660224
0.99,-0.005029736042154942
1.005,-0.005050977732362126
1.02,-0.005068131403075666
1.035,-0.005081226677666605
1.05,-0.00509029797631383
1.065,-0.005095384425894614
1.08,-0.005096529614739679
1.095,-0.005093781607848725
1.11,-0.005087192599671803
1.125,-0.0050768188575992905
1.14,-0.005062720476714666
1.155,-0.005044961344009376
1.17,-0.005023608816762736
1.185,-0.004998733516513223
1.2,-0.0049704093353556906
1.215,-0.004938713119464619
1.23,-0.004903724502233922
1.245,-0.004865525740332844
1.26,-0.0048242015471624405
1.275,-0.004779838889852455
1.29,-0.004732526817369757
1.305,-0.00468235632165779
1.32,-0.004629420019049273
1.335,-0.004573812218937911
1.35,-0.004515628492070231
1.365,-0.004454965736601666
1.38,-0.004391921759734699
1.395,-0.004326595385696826
1.41,-0.004259086058906539
1.425,-0.004189493849568375
1.44,-0.004117919203594037
1.455,-0.004044462836325981
1.47,-0.003969225491637749
1.485,-0.003892308054606326
1.5,-0.003813811074157276
1.515,-0.0037338349338720623
1.53,-0.003652479360654278
1.545,-0.00356984380571183
1.56,-0.0034860268127419295
1.575,-0.003401126244565505
1.59,-0.0033152389737630085
1.605,-0.003228460889777208
1.62,-0.0031408867942401323
1.635,-0.003052610223480425
1.65,-0.0029637234505379704
1.665,-0.0028743172197532537
1.68,-0.0027844809833513155
1.695,-0.00269430250017655
1.71,-0.0026038678998466162
1.725,-0.0025132616548739443
1.74,-0.0024225664377992427
1.755,-0.002331863096891575
1.77,-0.002241230632611588
1.785,-0.0021507460511045948
1.8,-0.002060484368938896
1.815,-0.001970518643313726
1.83,-0.001880919844684326
1.845,-0.0017917568522421781
1.86,-0.001703096319189668
1.875,-0.0016150029896316006
1.89,-0.001527539167890853
1.905,-0.0014407651282218588
1.92,-0.0013547388491299544
1.935,-0.0012695162673097124
1.95,-0.001185150877000863
1.965,-0.0011016941109430343
1.98,-0.0010191950568472423
1.995,-0.0009377006955343893
2.01,-0.0008572557117150852
2.025,-0.000777902622423192
2.04,-0.0006996817904595898
2.055,-0.0006226312936382679
2.07,-0.000546787103475411
2.085,-0.00047218311874159993
2.1,-0.00039885099392870596
2.115,-0.00032682034327135336
2.13,-0.0002561187248765465
2.145,-0.00018677166507039382
2.16,-0.00011880261144257044
2.175,-5.2233078351474986e-5
2.19,1.2917352442747611e-5
2.205,7.663102446888115e-5
2.22,0.0001388922130994886
2.235,0.00019968691021658808
2.25,0.0002590030460427146
2.265,0.0003168302366138063
2.28,0.00037315977292907146
2.295,0.00042798470861898745
2.31,0.0004812996818496926
2.325,0.0005331009446294946
2.34,0.0005833862964889151
2.355,0.0006321549559405977
2.37,0.0006794077708237209
2.385,0.0007251467811628554
2.4,0.0007693756103661604
2.415,0.0008120990228505251
2.43,0.0008533231155179292
2.445,0.0008930553283589325
2.46,0.0009313040212792598
2.475,0.000968078961798288
2.49,0.001003390851298506
2.505,0.0010372514567617648
2.52,0.001069673514033475
2.535,0.0011006708631063036
2.55,0.001130258006158068
2.565,0.001158450501738027
2.58,0.0011852646357501126
2.595,0.0012107175409739213
2.61,0.0012348269657001217
2.625,0.0012576114385423063
2.64,0.0012790901237349495
2.655,0.0012992827539691227
2.67,0.001318209654241976
2.685,0.001335891704689648
2.7,0.0013523502292688064
2.715,0.001367606945870934
2.73,0.0013816841157306592
2.745,0.0013946043234555516
2.76,0.0014063903883924408
2.775,0.0014170656031634737
2.79,0.0014266534286857648
2.805,0.00143517759329811
2.82,0.0014426619473883783
2.835,0.0014491306900887618
2.85,0.0014546079891830182
2.865,0.0014591182317386148
2.88,0.0014626858327314602
2.895,0.0014653353092651449
2.91,0.0014670911965800606
2.925,0.001467977990329952
2.94,0.0014680202588748482
2.955,0.0014672424166718777
2.97,0.0014656688632584294
2.985,0.0014633239737690722
3.0,0.0014602318935885636
3.015,0.0014564166920879623
3.03,0.0014519023092331104
3.045,0.0014467125289061267
3.06,0.0014408708708546713
3.075,0.0014344007140211254
3.09,0.0014273251944827915
3.105,0.0014196672776931418
3.12,0.0014114495634414237
3.135,0.0014026944763319326
3.15,0.0013934241621491425
3.165,0.001383660418822551
3.18,0.0013734248180449387
3.195,0.0013627385810644243
3.21,0.0013516226735621917
3.225,0.001340097600788492
3.24,0.0013281837086706132
3.255,0.0013159008424550784
3.27,0.0013032685969496414
3.285,0.0012903061425167753
3.3,0.0012770323921060852
3.315,0.0012634657611735587
3.33,0.0012496243966239134
3.345,0.00123552596163931
3.36,0.0012211878437955665
3.375,0.0012066270496266015
3.39,0.0011918601372050903
3.405,0.0011769033178925883
3.42,0.0011617723915942576
3.435,0.0011464827292081384
3.45,0.0011310494714278283
3.465,0.0011154871873238232
3.48,0.001099810162546108
3.495,0.0010840322625882382
3.51,0.0010681669790580251
3.525,0.001052227382796814
3.54,0.0010362262272931837
3.555,0.001020175851361351
3.57,0.0010040881579706533
3.585,0.0009879747543136647
3.6,0.0009718468817389733
3.615,0.000955715311698873
3.63,0.0009395905345049049
3.645,0.0009234827400147653
3.66,0.0009074015699100258
3.675,0.000891356504425362
3.69,0.0008753565135301031
3.705,0.0008594104015044739
3.72,0.0008435263984473031
3.735,0.0008277126575491622
3.75,0.0008119768314426783
3.765,0.0007963262970515567
3.78,0.0007807680838099518
3.795,0.0007653089923880815
3.81,0.0007499554028822654
3.825,0.0007347134423847521
3.84,0.0007195890293509612
3.855,0.0007045875733139801
3.87,0.0006897144666774917
3.885,0.0006749745602587153
3.9,0.0006603726922096084
3.915,0.0006459131890052082
3.93,0.0006316003479363414
3.945,0.000617437925310101
3.96,0.0006034297639162065
3.975,0.0005895791972237086
3.99,0.0005758894443133695
4.005,0.0005623634548393418
4.02,0.0005490040261422574
4.035,0.0005358135893090473
4.05,0.0005227944892260886
4.065,0.0005099489020157054
4.08,0.0004972786361968105
4.095,0.0004847854316534425
4.11,0.0004724708071005799
4.125,0.000460336106558027
4.14,0.0004483824487039705
4.155,0.00043661088659863314
4.17,0.00042502218579514814
4.185,0.0004136170444449149
4.2,0.0004023959610513262
4.215,0.0003913592700306264
4.23,0.00038050721049364073
4.245,0.0003698398291143368
4.26,0.00035935711444931085
4.275,0.0003490588319515415
4.29,0.0003389447114519449
4.305,0.0003290143235446559
4.32,0.0003192671202314906
4.335,0.00030970241549086407
4.35,0.000300319529872672
4.365,0.0002911175385361053
4.38,0.00028209555439296833
4.395,0.0002732524881301912
4.41,0.0002645872577117469
4.425,0.0002560986308386156
4.44,0.00024778535607174526
4.455,0.00023964603949701502
4.47,0.00023167927045290404
4.485,0.00022388357023078755
4.5,0.00021625736074257272
4.515,0.00020879906741337278
4.53,0.00020150698685452483
4.545,0.00019437941277510915
4.56,0.0001874146094437801
4.575,0.00018061066882566035
4.59,0.00017396582863516677
4.605,0.0001674781733577204
4.62,0.0001611457581050215
4.635,0.0001549666273897622
4.65,0.0001489388001389287
4.665,0.00014306023678847658
4.68,0.00013732896844679935
4.695,0.000131742783896126
4.71,0.00012629973839057586
4.725,0.00012099764794547774
4.74,0.00011583441438418471
4.755,0.0001108079309699476
4.77,0.00010591601966228111
4.785,0.00010115656262021796
4.8,9.652736667970635e-5
4.815,9.202627548469893e-5
4.83,8.765114066695781e-5
4.845,8.339978797931558e-5
4.86,7.927005515042246e-5
4.875,7.525976173869186e-5
4.89,7.136674729089061e-5
4.905,6.758889240965651e-5
4.92,6.392401385485404e-5
4.935,6.036996855217487e-5
4.95,5.6924614134055004e-5
4.965,5.358584737575463e-5
4.98,5.03515396142383e-5
4.995,4.721961975932436e-5
5.01,4.4187990473470374e-5
5.025,4.1254573081536966e-5
5.04,3.841728217615137e-5
5.055,3.5674167125595756e-5
5.07,3.3023086469741454e-5
5.085,3.0462121480001718e-5
5.1,2.798926736943258e-5
5.115,2.560255310542216e-5
5.13,2.330004236773909e-5
5.145,2.107981198110224e-5
5.16,1.8939908730913143e-5
5.175,1.6878542597837036e-5
5.19,1.4893771992136063e-5
5.205,1.2983801101762513e-5
5.22,1.1146814040991476e-5
5.235,9.381006447892557e-6
5.25,7.684661394366088e-6
5.265,6.056023065928484e-6
5.28,4.4933203390393735e-6
5.295,2.9949168307688884e-6
5.31,1.5591502055395157e-6
5.325,1.843429316940563e-7
5.34,-1.1310846200304663e-6
5.355,-2.388721808447764e-6
5.37,-3.5901404989811673e-6
5.385,-4.736860887809417e-6
5.4,-5.830414783367136e-6
5.415,-6.872208192453399e-6
5.43,-7.863858097450905e-6
5.445,-8.80665134436757e-6
5.46,-9.702007766566278e-6
5.475,-1.05513617942403e-5
5.49,-1.1356046866009306e-5
5.505,-1.2117365891885652e-5
5.52,-1.2836654791996427e-5
5.535,-1.351515441920835e-5
5.55,-1.4154123377854708e-5
5.565,-1.4754815517378411e-5
5.58,-1.5318383593574908e-5
5.595,-1.584601893878965e-5
5.61,-1.6338880963563975e-5
5.625,-1.6798077493155004e-5
5.64,-1.7224707388512675e-5
5.655,-1.761987104553395e-5
5.67,-1.798459816277623e-5
5.685,-1.8319922564933006e-5
5.7,-1.8626839472731723e-5
5.715,-1.8906348627999277e-5
5.73,-1.9159383427497212e-5
5.745,-1.9386911465221522e-5
5.76,-1.958980078715493e-5
5.775,-1.9768970993424887e-5
5.79,-1.9925335563707897e-5
5.805,-2.005967885986764e-5
5.82,-2.0172814883289006e-5
5.835,-2.0265627512791912e-5
5.85,-2.0338858534647557e-5
5.865,-2.039327458395159e-5
5.88,-2.0429649335222646e-5
5.895,-2.044868479817922e-5
5.91,-2.045108390018008e-5
5.925,-2.0437540135030718e-5
5.94,-2.0408760139008197e-5
5.955,-2.0365348022011484e-5
5.97,-2.030801128970048e-5
5.985,-2.0237274339232134e-5
6.0,-2.0153803366203204e-5
6.015,-2.005816040743958e-5
6.03,-1.9950921740699534e-5
6.045,-1.9832683734487843e-5
6.06,-1.9703887459708522e-5
6.075,-1.956509715328748e-5
6.09,-1.9416833678163513e-5
6.105,-1.925961329950792e-5
6.12,-1.9093832069011766e-5
6.135,-1.8920052445978307e-5
6.15,-1.8738656791149607e-5
6.165,-1.855006331145382e-5
6.18,-1.8354748866704458e-5
6.195,-1.8153129023274182e-5
6.21,-1.794552599372156e-5
6.225,-1.773240527122482e-5
6.24,-1.7514050081921078e-5
6.255,-1.7290885126035653e-5
6.27,-1.7063240750411207e-5
6.285,-1.6831460048246336e-5
6.3,-1.6595810101343903e-5
6.315,-1.6356648725118773e-5
6.33,-1.6114319407478983e-5
6.345,-1.5869012898671843e-5
6.36,-1.5621099940970852e-5
6.375,-1.5370764338143478e-5
6.39,-1.5118375890657269e-5
6.405,-1.486407069965658e-5
6.42,-1.4608176870482712e-5
6.435,-1.4350846122085038e-5
6.45,-1.4092380203980725e-5
6.465,-1.3832971242751674e-5
6.48,-1.3572793224211938e-5
6.495,-1.3312046424518808e-5
6.51,-1.3050959984862234e-5
6.525,-1.2789659763881393e-5
6.54,-1.2528358984430743e-5
6.555,-1.2267216370526264e-5
6.57,-1.2006382207528183e-5
6.585,-1.1745997333978854e-5
6.6,-1.1486199587419596e-5
6.615,-1.1227150017018777e-5
6.63,-1.0969017802708466e-5
6.645,-1.0711805687989841e-5
6.66,-1.0455731669178514e-5
6.675,-1.0200848738515396e-5
6.69,-9.947335009876632e-6
6.705,-9.695255542899156e-6
6.72,-9.444685966010433e-6
6.735,-9.195695520928414e-6
6.75,-8.948415441107998e-6
6.765,-8.702915522374541e-6
6.78,-8.459270446081887e-6
6.795,-8.217547031136837e-6
6.81,-7.977802799950728e-6
6.825,-7.740128251945492e-6
6.84,-7.5045480459957275e-6
6.855,-7.271099935237279e-6
6.87,-7.0398896971008566e-6
6.885,-6.810947615389777e-6
6.9,-6.584269447999405e-6
6.915,-6.359956180905434e-6
6.93,-6.138079545140939e-6
6.945,-5.918515517101207e-6
6.96,-5.701459034076606e-6
6.975,-5.4868038504480465e-6
6.99,-5.274708044965396e-6
7.005,-5.065154458441393e-6
7.02,-4.8580657150123256e-6
7.035,-4.653601204830654e-6
7.05,-4.4516751542067315e-6
7.065,-4.25234312546673e-6
7.08,-4.055648188866277e-6
7.095,-3.861560330219271e-6
7.11,-3.6700259063159464e-6
7.125,-3.4811829645527918e-6
7.14,-3.294998720852385e-6
7.155,-3.1114248194068413e-6
7.17,-2.9304842024889246e-6
7.185,-2.75214637833657e-6
7.2,-2.576511249981265e-6
7.215,-2.4035126677181605e-6
7.23,-2.2331543568983836e-6
7.245,-2.0654554474531353e-6
7.26,-1.9003257877874572e-6
7.275,-1.737785232462499e-6
7.29,-1.57796277537162e-6
7.305,-1.4206876467832447e-6
7.32,-1.2660155339419374e-6
7.335,-1.1139520224724892e-6
7.35,-9.644360103557335e-7
7.365,-8.174714087695338e-7
7.38,-6.730976113035719e-7
7.395,-5.312387366328895e-7
7.41,-3.9184760172466235e-7
7.425,-2.5500337354847723e-7
7.44,-1.2064041005382927e-7
7.455,1.125450208752899e-8
7.47,1.4071929260509366e-7
7.485,2.6773198893031327e-7
7.5,3.9232786462774814e-7
7.515,5.145982797658058e-7
7.53,6.344309287937209e-7
7.545,7.519615655123293e-7
7.56,8.671592500928529e-7
7.575,9.800103290997532e-7
7.59,1.0906677395527262e-6
7.605,1.1990612258775284e-6
7.62,1.3051580731376213e-6
7.635,1.4091472977053977e-6
7.65,1.5109293545903292e-6
7.665,1.6105623456542637e-6
7.68,1.7080713620275877e-6
7.695,1.80345271411084e-6
7.71,1.8967478718515268e-6
7.725,1.9880533712116282e-6
7.74,2.0773862093756545e-6
7.755,2.1646634958994974e-6
7.77,2.250051385272742e-6
7.785,2.3334950252488e-6
7.8,2.414988661083574e-6
7.815,2.494697076255032e-6
7.83,2.5725078356527305e-6
7.845,2.6485213941902313e-6
7.86,2.7227434502637505e-6
7.875,2.7952094495804867e-6
7.89,2.8659792861432034e-6
7.905,2.935024099566203e-6
7.92,3.0024481018369526e-6
7.935,3.0681678202844056e-6
7.95,3.132254197691208e-6
7.965,3.1947811560933673e-6
7.98,3.255771360242165e-6
7.995,3.315179379840451e-6
8.01,3.373117291034794e-6
8.025,3.4295704066599583e-6
8.04,3.484561039508452e-6
8.055,3.538089522526979e-6
8.07,3.590255117434406e-6
8.085,3.641050117414462e-6
8.1,3.690435552233658e-6
8.115,3.7385095327347216e-6
8.13,3.7852384126563885e-6
8.145,3.830699498089599e-6
8.16,3.87486088241047e-6
8.175,3.917811397159114e-6
8.19,3.959524951659005e-6
8.205,4.000041952732124e-6
8.22,4.039300684177398e-6
8.235,4.077447712903017e-6
8.25,4.114446028280154e-6
8.265,4.150229961373094e-6
8.28,4.1849800604123854e-6
8.295,4.218601473944235e-6
8.31,4.251110112667476e-6
8.325,4.2826267862507555e-6
8.34,4.313025011751658e-6
8.355,4.342375324879495e-6
8.37,4.370798381066557e-6
8.385,4.398107784392697e-6
8.4,4.424487647396983e-6
8.415,4.449879519061431e-6
8.43,4.474332558278361e-6
8.445,4.497827271619432e-6
8.46,4.520420323304657e-6
8.475,4.542022686095849e-6
8.49,4.562850879279607e-6
8.505,4.582660564119967e-6
8.52,4.601632371081319e-6
8.535,4.619737154170493e-6
8.55,4.637056870283762e-6
8.565,4.653491262689431e-6
8.58,4.669141411533103e-6
8.595,4.683948550650304e-6
8.61,4.697992376270302e-6
8.625,4.711212972400093e-6
8.64,4.723668240705029e-6
8.655,4.735487101163266e-6
8.67,4.746450831739924e-6
8.685,4.756715112046091e-6
8.7,4.76626843680343e-6
8.715,4.7751729940416305e-6
8.73,4.783362900531469e-6
8.745,4.790883687715431e-6
8.76,4.797780563565552e-6
8.775,4.803978932141474e-6
8.79,4.809580558010481e-6
8.805,4.814556890177926e-6
8.82,4.818937465231654e-6
8.835,4.82278413815394e-6
8.85,4.826004246786605e-6
8.865,4.828659582062325e-6
8.88,4.83082140145891e-6
8.895,4.832401494377984e-6
8.91,4.8334461937638055e-6
8.925,4.834038739446481e-6
8.94,4.834130074102908e-6
8.955,4.833659315631787e-6
8.97,4.832713101886474e-6
8.985,4.831401496438748e-6
9.0,4.829615283592237e-6
9.015,4.827364094113145e-6
9.03,4.824638545348767e-6
9.045,4.821492356290258e-6
9.06,4.817928426793345e-6
9.075,4.81400395503678e-6
9.09,4.809658919904671e-6
9.105,4.804913941656807e-6
9.12,4.7998620542121515e-6
9.135,4.794337859109565e-6
9.15,4.7884883673343695e-6
9.165,4.782275063583055e-6
9.18,4.775644253154729e-6
9.195,4.76872354317333e-6
9.21,4.7614136205611065e-6
9.225,4.7538083088194055e-6
9.24,4.745789353465736e-6
9.255,4.73747953081247e-6
9.27,4.728865457304629e-6
9.285,4.71988036393011e-6
9.3,4.710528617430446e-6
9.315,4.700857278033876e-6
9.33,4.690892994497658e-6
9.345,4.6805949947275945e-6
9.36,4.66994341831752e-6
9.375,4.659005959231796e-6
9.39,4.647761407541465e-6
9.405,4.636087062108474e-6
9.42,4.624154802717773e-6
9.435,4.611857352963717e-6
9.45,4.599280810315831e-6
9.465,4.586319016621788e-6
9.48,4.573049341171231e-6
9.495,4.559438692069802e-6
9.51,4.54548933686431e-6
9.525,4.53121543951449e-6
9.54,4.516620860935051e-6
9.555,4.5017359712455275e-6
9.57,4.486459977819702e-6
9.585,4.470786770392496e-6
9.6,4.454805634467536e-6
9.615,4.438548427902542e-6
9.63,4.4219326603976035e-6
9.645,4.404930676079897e-6
9.66,4.3876240850794095e-6
9.675,4.369970019466897e-6
9.69,4.351880034393325e-6
9.705,4.33350993745551e-6
9.72,4.3148274787116336e-6
9.735,4.29577319840787e-6
9.75,4.276331716680991e-6
9.765,4.256540023171951e-6
9.78,4.236505437678425e-6
9.795,4.216032251784697e-6
9.81,4.1952475934299686e-6
9.825,4.174102231435324e-6
9.84,4.152647015534594e-6
9.855,4.130754102716114e-6
9.87,4.108517345570542e-6
9.885,4.086017815909704e-6
9.9,4.063142558521898e-6
9.915,4.039810281717827e-6
9.93,4.016258989537344e-6
9.945,3.992301738661304e-6
9.96,3.968011035016498e-6
9.975,3.943360818039388e-6
9.99,3.9183394728749845e-6
10.005,3.892955463603023e-6
10.02,3.867183031386851e-6
10.035,3.841107192410249e-6
10.05,3.814666127658233e-6
10.065,3.787822393503121e-6
10.08,3.760648168530454e-6
10.095,3.733064754900294e-6
10.11,3.705132663598896e-6
10.125,3.676754642216101e-6
10.14,3.6480036330379843e-6
10.155,3.618845342654289e-6
10.17,3.5892833211498787e-6
10.185,3.5593683235570857e-6
10.2,3.529002734427857e-6
10.215,3.498212631607725e-6
10.23,3.4669782154459614e-6
10.245,3.435360293674129e-6
10.26,3.4032027949677416e-6
10.275,3.3706296552466124e-6
10.29,3.337608409687956e-6
10.305,3.3040974244272504e-6
10.32,3.2701017956524264e-6
10.335,3.235558502059413e-6
10.35,3.200531179778075e-6
10.365,3.1649744663404536e-6
10.38,3.128901488848349e-6
10.395,3.092221909707914e-6
10.41,3.0550117773526925e-6
10.425,3.017172145867842e-6
10.44,2.978811815275242e-6
10.455,2.939756019673209e-6
10.47,2.9001642163787067e-6
10.485,2.859957913968419e-6
10.5,2.8190390151074247e-6
10.515,2.7774148766310197e-6
10.53,2.7351747569024467e-6
10.545,2.692165921497331e-6
10.56,2.6485459691515214e-6
10.575,2.604127487236547e-6
10.59,2.55893682340921e-6
10.605,2.5130348280042305e-6
10.62,2.4663704857840105e-6
10.635,2.418854431811584e-6
10.65,2.370587874927964e-6
10.665,2.3214497146395214e-6
10.68,2.271518742837515e-6
10.695,2.220610939186025e-6
10.71,2.168937276068901e-6
10.725,2.116358331272632e-6
10.74,2.0628456558443285e-6
10.755,2.0083877742807766e-6
10.77,1.9530167084648502e-6
10.785,1.8966819281127543e-6
10.8,1.839351655813732e-6
10.815,1.7810957206524126e-6
10.83,1.7217500887169354e-6
10.845,1.6614316382514524e-6
10.86,1.6000575781516805e-6
10.875,1.5376209954357905e-6
10.89,1.4741204557240376e-6
10.905,1.4094835906537241e-6
10.92,1.3437789115059537e-6
10.935,1.276966807904454e-6
10.95,1.2090205087587118e-6
10.965,1.1398798661984947e-6
10.98,1.069519712528803e-6
10.995,9.980417287523558e-7
11.01,9.252749114565331e-7
11.025,8.513332584550484e-7
11.04,7.760866076903781e-7
11.055,6.995793332255272e-7
11.07,6.217487298500678e-7
11.085,5.426600789527294e-7
11.1,4.6217625890018787e-7
11.115,3.8041176168836344e-7
11.13,2.971886218459753e-7
11.145,2.1264605256006513e-7
11.16,1.2658700614452975e-7
11.175,3.914155583536717e-8
11.19,-4.979579514371013e-8
11.205,-1.4021286566398352e-7
11.22,-2.3217776052626666e-7
11.235,-3.256666068523817e-7
11.25,-4.2075496593738687e-7
11.265,-5.173823139922149e-7
11.28,-6.156639322511164e-7
11.295,-7.156140434116773e-7
11.31,-8.172229902711185e-7
11.325,-9.205464434636384e-7
11.34,-1.0255943358722039e-6
11.355,-1.132380740225644e-6
11.37,-1.2410672303659788e-6
11.385,-1.3515085832217462e-6
11.4,-1.4637664868874185e-6
11.415,-1.5779437634128098e-6
11.43,-1.6940260254027744e-6
11.445,-1.8120680695480956e-6
11.46,-1.9320123012189368e-6
11.475,-2.0540320547654825e-6
11.49,-2.178068020304586e-6
11.505,-2.304147752369511e-6
11.52,-2.432389781230297e-6
11.535,-2.5627505180882995e-6
11.55,-2.695220961451317e-6
11.565,-2.8299030104751617e-6
11.58,-2.966785280664495e-6
11.595,-3.1059946303102544e-6
11.61,-3.2474671314183696e-6
11.625,-3.3911919787870483e-6
11.64,-3.537316868263253e-6
11.655,-3.6858558442291657e-6
11.67,-3.836683268995759e-6
11.685,-3.990085540989655e-6
11.7,-4.145842397863631e-6
11.715,-4.304170632917213e-6
11.73,-4.464966743600749e-6
11.745,-4.628293551138631e-6
11.76,-4.794274462211188e-6
11.775,-4.962840885490523e-6
11.79,-5.133946975404918e-6
11.805,-5.307788606466564e-6
11.82,-5.484287741612531e-6
11.835,-5.663488709613528e-6
11.85,-5.84538550358459e-6
11.865,-6.030090868878252e-6
11.88,-6.217521274240558e-6
11.895,-6.407796432588232e-6
11.91,-6.60082049753889e-6
11.925,-6.796693901448691e-6
11.94,-6.9954387550161665e-6
11.955,-7.197009288337433e-6
11.97,-7.401470277093323e-6
11.985,-7.608876189619274e-6
12.0,-7.819151036258152e-6
12.015,-8.0323626376034e-6
12.03,-8.248533794158575e-6
12.045,-8.467646961455976e-6
12.06,-8.689726814422743e-6
12.075,-8.91479074438385e-6
12.09,-9.142826980957304e-6
12.105,-9.373879735698152e-6
12.12,-9.607926319624694e-6
12.135,-9.844977523433273e-6
12.15,-1.0085067397588843e-5
12.165,-1.0328149975947023e-5
12.18,-1.0574253349515865e-5
12.195,-1.082344356961212e-5
12.21,-1.1075555687746572e-5
12.225,-1.1330738226136522e-5
12.24,-1.1588893647263772e-5
12.255,-1.185015627217287e-5
12.27,-1.211441184158309e-5
12.285,-1.2381587882749406e-5
12.3,-1.2651849025822144e-5
12.315,-1.2925071455996093e-5
12.33,-1.3201229164029956e-5
12.345,-1.3480443618950044e-5
12.36,-1.3762499041772187e-5
12.375,-1.4047528880293548e-5
12.39,-1.433551159003838e-5
12.405,-1.4626326823007544e-5
12.42,-1.4919985301221743e-5
12.435,-1.5216524963963938e-5
12.45,-1.551586739243456e-5
12.465,-1.581798528727741e-5
12.48,-1.61228594202605e-5
12.495,-1.6430395481049605e-5
12.51,-1.674064952561863e-5
12.525,-1.7053508142460032e-5
12.54,-1.736897861020827e-5
12.555,-1.7686983545860363e-5
12.57,-1.800747634235877e-5
12.585,-1.8330333502452297e-5
12.6,-1.8655636147373233e-5
12.615,-1.8983210317206492e-5
12.63,-1.9313075162079664e-5
12.645,-1.964509386047884e-5
12.66,-1.997919162088433e-5
12.675,-2.031537017019676e-5
12.69,-2.0653421630641917e-5
12.705,-2.099336928214037e-5
12.72,-2.1335115003485865e-5
12.735,-2.1678538909577233e-5
12.75,-2.202355749305488e-5
12.765,-2.2370022069525258e-5
12.78,-2.2717887317432918e-5
12.795,-2.3066966558647053e-5
12.81,-2.3417266553732614e-5
12.825,-2.3768526311083687e-5
12.84,-2.412072726994132e-5
12.855,-2.4473622132571494e-5
12.87,-2.4827200935129634e-5
12.885,-2.5181238123220637e-5
12.9,-2.553560794674524e-5
12.915,-2.5890227025592242e-5
12.93,-2.624479672059292e-5
12.945,-2.659917954405616e-5
12.96,-2.6953396354999488e-5
12.975,-2.730703778963082e-5
12.99,-2.765997903637782e-5
13.005,-2.8012072453235603e-5
13.02,-2.8363114890352832e-5
13.035,-2.871291712110885e-5
13.05,-2.9061316287314378e-5
13.065,-2.9407955580955464e-5
13.08,-2.975270109811728e-5
13.095,-3.009542509267187e-5
13.11,-3.0435755492080133e-5
13.125,-3.077349701507902e-5
13.14,-3.110837351922434e-5
13.155,-3.144024087377117e-5
13.17,-3.176874374456818e-5
13.185,-3.2093625230108334e-5
13.2,-3.2414684668378895e-5
13.215,-3.2731571246466365e-5
13.23,-3.304403699325901e-5
13.245,-3.335182938023256e-5
13.26,-3.365456574452559e-5
13.275,-3.3952000827962146e-5
13.29,-3.424388804379435e-5
13.305,-3.4529739974498425e-5
13.32,-3.480935774976781e-5
13.335,-3.508242257677629e-5
13.35,-3.5348512322601404e-5
13.365,-3.560735615298696e-5
13.38,-3.585863423489023e-5
13.395,-3.6101863813120085e-5
13.41,-3.633679929661575e-5
13.425,-3.656300890756868e-5
13.44,-3.6780178749343225e-5
13.455,-3.698783964787481e-5
13.47,-3.718568314601383e-5
13.485,-3.737328316730272e-5
13.5,-3.755015277927317e-5
13.515,-3.7716066642620956e-5
13.53,-3.787043643144213e-5
13.545,-3.801298159427714e-5
13.56,-3.814309157699005e-5
13.575,-3.8260535570032885e-5
13.59,-3.83647529782592e-5
13.605,-3.845531522055874e-5
13.62,-3.853177572763972e-5
13.635,-3.859369156769576e-5
13.65,-3.864059021203858e-5
13.665,-3.8672014941958686e-5
13.68,-3.868732628232168e-5
13.695,-3.868632057436001e-5
13.71,-3.866839026273951e-5
13.725,-3.863293424858242e-5
13.74,-3.857965335906215e-5
13.755,-3.850786291946897e-5
13.77,-3.84171842208845e-5
13.785,-3.830707828410415e-5
13.8,-3.817697562581177e-5
13.815,-3.8026449433901294e-5
13.83,-3.7854882400809085e-5
13.845,-3.7661902000282406e-5
13.86,-3.744679154172091e-5
13.875,-3.7209132168648044e-5
13.89,-3.694837733343435e-5
13.905,-3.6664058811044156e-5
13.92,-3.635553503256975e-5
13.935,-3.602230216869205e-5
13.95,-3.5663881140329734e-5
13.965,-3.527969307564144e-5
13.98,-3.4869212908817314e-5
13.995,-3.4431824945970465e-5
14.01,-3.396713453255048e-5
14.025,-3.3474561976637465e-5
14.04,-3.295353792279318e-5
14.055,-3.24036116151513e-5
14.07,-3.18241502257038e-5
14.085,-3.121472188192168e-5
14.1,-3.0574811341389264e-5
14.115,-2.9903909053671333e-5
14.13,-2.920144999349114e-5
14.145,-2.8467000652218527e-5
14.16,-2.770006133280298e-5
14.175,-2.6900145733636466e-5
14.19,-2.6066749942096674e-5
14.205,-2.5199459272722243e-5
14.22,-2.429773675501888e-5
14.235,-2.3361308562553545e-5
14.25,-2.238949845822574e-5
14.265,-2.138208518334146e-5
14.28,-2.033855238352338e-5
14.295,-1.9258520055094425e-5
14.31,-1.8141663179360973e-5
14.325,-1.6987587631164328e-5
14.34,-1.5795844543763228e-5
14.355,-1.4566253661858006e-5
14.37,-1.3298422636544e-5
14.385,-1.199200376428531e-5
14.4,-1.0646797532267918e-5
14.415,-9.262453659255551e-6
14.43,-7.838859541985102e-6
14.445,-6.375652688473501e-6
14.46,-4.872723343583181e-6
14.475,-3.329904013356642e-6
14.49,-1.7470362761817223e-6
14.505,-1.2390843748084543e-7
14.52,1.5395063902454267e-6
14.535,3.243304150471311e-6
14.55,4.987453493096381e-6
14.565,6.772060415662948e-6
14.58,8.597112355608882e-6
14.595,1.0462466952883975e-5
14.61,1.2368225669875335e-5
14.625,1.4314067102432606e-5
14.64,1.6300095824048203e-5
14.655,1.832590693764043e-5
14.67,2.0391403221123644e-5
14.685,2.2496337788651728e-5
14.7,2.464050369823195e-5
14.715,2.682350462211827e-5
14.73,2.9044927551554476e-5
14.745,3.1304497529575566e-5
14.76,3.360171163986866e-5
14.775,3.593618569485454e-5
14.79,3.8307281517889835e-5
14.805,4.071449503815055e-5
14.82,4.315730403346363e-5
14.835,4.563497073633409e-5
14.85,4.8146857062445905e-5
14.865,5.0692190640282784e-5
14.88,5.3270185555218214e-5
14.895,5.588018548604333e-5
14.91,5.852110062466758e-5
14.925,6.119209231554522e-5
14.94,6.389220036128685e-5
14.955,6.662052100129015e-5
14.97,6.937580886490484e-5
14.985,7.21570901907119e-5
15.0,7.496314878807879e-5
