-15,0.00350460175580517,0.000191726009742294
-14.925,0.00427649461466233,0.000493306395474435
-14.85,0.00421750285834305,0.00038675646924095
-14.775,0.00334376101446126,-0.000120574558463148
-14.7,0.00183227841222457,-0.000940356629653114
-14.625,-1.46282984653874e-05,-0.0019209806930951
-14.55,-0.00182978879875355,-0.00287783864072992
-14.475,-0.0032543687776757,-0.00362991032562643
-14.4,-0.00400925368048132,-0.00403561301189293
-14.325,-0.00395035283746351,-0.00402057702215186
-14.25,-0.00309689510697638,-0.00359202046281506
-14.175,-0.00162691585199159,-0.00283665106223946
-14.1,0.000158865734915607,-0.00190286257704277
-14.025,0.00189775567947076,-0.000970515735867396
-13.95,0.00323797189692817,-0.000214699767207991
-13.875,0.00390930465845596,0.000229508876246878
-13.8,0.0037773439165334,0.000294120022506889
-13.725,0.00287027105142872,-8.41807083252176e-06
-13.65,0.00137314332930114,-0.000587967570829567
-13.575,-0.000409410429684065,-0.00129527839358502
-13.5,-0.00211483017806677,-0.00195277246274809
-13.425,-0.00339401100215716,-0.00238923987572062
-13.35,-0.00398479906434179,-0.00247802423779536
-13.275,-0.0037618246535897,-0.002160060869729
-13.2,-0.00276367697793333,-0.00145807066911353
-13.125,-0.00118546248220265,-0.000472570613144041
-13.05,0.000659952098797939,0.000637681390463525
-12.975,0.00240423206393147,0.00168697381299449
-12.9,0.00369705987993813,0.00249921283856691
-12.825,0.00427621517953167,0.00294304040591365
-12.75,0.00402093176838959,0.00295870010415038
-12.675,0.00297507773710399,0.00256876295406018
-12.6,0.00134031430130748,0.0018752804088182
-12.525,-0.00056431517689893,0.00103902137786101
-12.45,-0.00236535568244772,0.000247890471047239
-12.375,-0.0037090311008976,-0.000320337364022787
-12.3,-0.00433143807646518,-0.000533206798800066
-12.225,-0.00411088729496999,-0.000329895053362852
-12.15,-0.00309204363860652,0.000266665220728767
-12.075,-0.001476933774909,0.0011542782148858
-12,0.000415268907586166,0.00217164101787887
-11.925,0.00221176430890832,0.00313020936426574
-11.85,0.00356017574685199,0.0038513576118597
-11.775,0.00419840859281127,0.00420147590255858
-11.7,0.00400648488723721,0.00411810349180225
-11.625,0.00302987988246983,0.00362177576403968
-11.55,0.00146985291014332,0.00281135772109391
-11.475,-0.000357178459588641,0.0018439487686212
-11.4,-0.00208335506083829,0.000903041400217711
-11.325,-0.00336295839788926,0.000161907059910766
-11.25,-0.00394166643037496,-0.000251091848587778
-11.175,-0.00370723154839742,-0.000277863875440709
-11.1,-0.00271160407597998,5.82787216138591e-05
-11.025,-0.00116021968555136,0.000657799892419884
-10.95,0.000629637588094,0.00136562683027915
-10.875,0.00229266624511374,0.00200279022325673
-10.8,0.00348931134725495,0.00240321118360013
-10.725,0.00397403517256302,0.0024475504021979
-10.65,0.00364494202586397,0.00208789203177743
-10.575,0.00256451232433027,0.00135795725831346
-10.5,0.000947364198748049,0.000366919345768616
-10.425,-0.00088250047124776,-0.000722048313231265
-10.35,-0.00255656401136895,-0.00172416930186501
-10.275,-0.00373560266285524,-0.0024698911827926
-10.2,-0.00417784559070957,-0.00283887252682295
-10.125,-0.003787818710037,-0.00278426472908533
-10.05,-0.00263590930906613,-0.00234229842144304
-9.975,-0.00094494309906147,-0.0016254164103336
-9.9,0.000953782737488397,-0.000800112044903101
-9.825,0.00268617012005206,-5.39433776797884e-05
-9.75,0.00390967251889518,0.000441771491435459
-9.675,0.00438140926011236,0.000566065707955244
-9.6,0.00400662910868078,0.000272613933064967
-9.525,0.00285760925552928,-0.000400871588680459
-9.45,0.00115948618644557,-0.00133975658597479
-9.375,-0.000754464018125357,-0.00237500624508352
-9.3,-0.00250887382815229,-0.00331630789954633
-9.225,-0.00376084743686347,-0.00398959318667623
-9.15,-0.00426776511613816,-0.00427105169332633
-9.075,-0.00393526017468245,-0.00411134955278526
-9,-0.00283554984880889,-0.0035449565047124
-8.925,-0.00119249585438387,-0.00268278239352327
-8.85,0.000663351241593468,-0.00168983352523283
-8.775,0.00236103053497217,-0.000752093933576491
-8.7,0.0035632591552473,-3.9472746859994e-05
-8.625,0.00403369599480986,0.000327798990465016
-8.55,0.00368385564486273,0.000302913794241369
-8.475,0.00259034492969132,-7.89499832193051e-05
-8.4,0.000979033137502739,-0.000708281015329041
-8.325,-0.000820606158789506,-0.00142386560572404
-8.25,-0.00244195312708515,-0.00204586213017934
-8.175,-0.00355501065237442,-0.00241248048876198
-8.1,-0.00393282645391782,-0.0024130576560383
-8.025,-0.00349714859321657,-0.00201073921054425
-7.95,-0.00233433812749377,-0.00125039491232625
-7.875,-0.000678109012747283,-0.000249929402213777
-7.8,0.00113721430289992,0.000823034929451544
-7.725,0.00274381221647784,0.00178468138535166
-7.65,0.00381417666940788,0.00247175047345667
-7.575,0.00412710879011472,0.00277443701462276
-7.5,0.0036124207637262,0.00265855522904479
-7.425,0.00236557259094242,0.00217270720193133
-7.35,0.000629104315046793,0.0014388134164049
-7.275,-0.00125526354684196,0.000628060977855928
-7.2,-0.00291455235123473,-7.31872151062073e-05
-7.125,-0.00401880075718205,-0.000500605338799082
-7.05,-0.00434681688260486,-0.000544770245619339
-6.975,-0.00383049133041646,-0.000173334172726425
-6.9,-0.00256780350835484,0.000562951005120217
-6.825,-0.000807177028234108,0.00153628687393663
-6.75,0.00110868554819655,0.00257377110904141
-6.675,0.00280375971973197,0.00348433248549198
-6.6,0.00394687470895941,0.00409986767687019
-6.525,0.00431646800992869,0.00430736716509492
-6.45,0.00384442205802413,0.00407103722489078
-6.375,0.00262929029794717,0.00343907573412804
-6.3,0.000916095507601845,0.00253351491288039
-6.225,-0.000952611333789415,0.0015259907730311
-6.15,-0.00260527581615705,0.000603351441910825
-6.075,-0.00371545810976599,-6.93806424687513e-05
-6,-0.00406679080412541,-0.000381655184734457
-5.925,-0.00359571704387108,-0.000298788625251917
-5.85,-0.00240381112717847,0.000131627809912749
-5.775,-0.000737216231658955,0.000789698440520626
-5.7,0.0010649349405336,0.00150978578530059
-5.625,0.00263511838549888,0.00211067021009502
-5.55,0.00365504572536066,0.00243618791678136
-5.475,0.00391775243318953,0.00238518950759324
-5.4,0.00336953462326149,0.001932588388072
-5.325,0.00212081798586444,0.00113479162995067
-5.25,0.000423990759849219,0.000118605295198254
-5.175,-0.00137722158720675,-0.000944016399462801
-5.1,-0.00291678402840992,-0.00187037682062871
-5.025,-0.00387992082665489,-0.00250373646816684
-4.95,-0.00406657992544551,-0.0027448314659453
-4.875,-0.00343195315499616,-0.00257205310370884
-4.8,-0.00209594116398353,-0.00204596797864702
-4.725,-0.00031975937350076,-0.00129752269483883
-4.65,0.00154585431677869,-0.000502021733722023
-4.575,0.00313040533687096,0.000155817799244005
-4.5,0.00411754730059902,0.000518883873175948
-4.425,0.00430822360298501,0.000489202089082445
-4.35,0.00366060536129576,4.78632973269296e-05
-4.275,0.00229870390201302,-0.000740772781439984
-4.2,0.000488061333942529,-0.00174132132842208
-4.125,-0.00141691161748958,-0.00277390396319337
-4.05,-0.00304310890499373,-0.00364935205050019
-3.975,-0.00407278899955673,-0.00420643495941906
-3.9,-0.00430645958070684,-0.00434342652701005
-3.825,-0.00370234162285167,-0.00403800800813363
-3.75,-0.00238428934610815,-0.00335130124096566
-3.675,-0.000616820416579753,-0.00241545760700289
-3.6,0.0012478219729997,-0.00140722375186805
-3.525,0.00283998385881892,-0.000512761507236767
-3.45,0.00384627386710213,0.000109253500149885
-3.375,0.00407186352820729,0.000358900271930708
-3.3,0.00347894912087616,0.000214359145910127
-3.225,0.00219369500619335,-0.00026450769602419
-3.15,0.000480902533458016,-0.000948428378891785
-3.075,-0.00131023069589839,-0.00166609516078879
-3,-0.00281564040398962,-0.00223837448939764
-2.925,-0.00372990813061344,-0.00251511351621687
-2.85,-0.00386756562481113,-0.00240567492864195
-2.775,-0.00320028387932721,-0.00189744592443394
-2.7,-0.00186261129684341,-0.00105868227741621
-2.625,-0.000124960501480213,-2.51616131951714e-05
-2.55,0.00166071144103761,0.00102721981914702
-2.475,0.00313153799560142,0.00191734425441728
-2.4,0.00398677068192839,0.00249543416717508
-2.325,0.00404838507802841,0.00267317628481806
-2.25,0.00329720078976151,0.0024416344156599
-2.175,0.00187726864756106,0.00187331107517451
-2.1,6.75257796781788e-05,0.00110783100946236
-2.025,-0.00177346506260688,0.000324256167810237
-1.95,-0.00327896904425699,-0.000294749820112654
-1.875,-0.00414715604426142,-0.000599448745216048
-1.8,-0.00420145396088197,-0.000503210731108839
-1.725,-0.00342595664070089,-1.47930576250427e-07
-1.65,-0.00196890303808952,0.000833228888192653
-1.575,-0.000113453486552768,0.00185274570454971
-1.5,0.00177842455955922,0.00287476683338169
-1.425,0.00333773772517179,0.00371221481092002
-1.35,0.00426166672435542,0.00421141368011438
-1.275,0.00437359011049952,0.0042820683766183
-1.2,0.003657952065863,0.00391500355363417
-1.125,0.0022630273809412,0.00318353162398939
-1.05,0.000471134051653583,0.00222865503505562
-0.975,-0.00135782474862506,0.00123083063865284
-0.9,-0.0028581083026782,0.000374103944067924
-0.825,-0.00373102419981948,-0.000190459145679808
-0.75,-0.00380407042550098,-0.000374396714937892
-0.675,-0.00306490420069261,-0.000169014364933573
-0.6,-0.00166309387863174,0.000353572673099836
-0.525,0.000120561749096489,0.00105557477705451
-0.45,0.0019310334541865,0.00176178973273749
-0.375,0.0034110825535284,0.00229536397827565
-0.3,0.00427394127631005,0.00251376069867491
-0.225,0.00436248882072038,0.00233782416567731
-0.15,0.00368388328226207,0.00176805272407557
-0.075,0.00241547853096525,0.000884804182835488
0.075,0.000321251478971664,-0.0012094228691581
0.15,-0.000146142460636153,-0.00206197301882265
0.225,-0.00055831108119199,-0.00258297573623507
0.3,-0.000935310009350822,-0.00269549058698596
0.375,-0.00128771613988004,-0.0024034347151328
0.45,-0.0016219137677391,-0.00179115748918811
0.525,-0.00194138442056241,-0.00100637139260439
0.6,-0.00224906783793677,-0.000232401286205196
0.675,-0.00254444291252247,0.000351446923236569
0.75,-0.00282694365801178,0.000602730052551313
0.825,-0.00309446872841319,0.000446096325726481
0.9,-0.00334393516026287,-0.000111722913516748
0.975,-0.00357144234174378,-0.000982786954465886
1.05,-0.00377256325769521,-0.00201504227429317
1.125,-0.00394259069821552,-0.00302208645516733
1.2,-0.00407688438236571,-0.00381983289459453
1.275,-0.00417112367976415,-0.00426264541364537
1.35,-0.00422163050519668,-0.00427188354943771
1.425,-0.0042256377878404,-0.00385116070209217
1.5,-0.00418143235993082,-0.00308509008610836
1.575,-0.00408859069565813,-0.00212239150455565
1.65,-0.00394797819322404,-0.00114584626694187
1.725,-0.00376178487110324,-0.000335976160978602
1.8,-0.0035333984565025,0.000164844773270629
1.875,-0.00326732783662297,0.000280379462422397
1.95,-0.00296895045772944,1.52687664148935e-05
2.025,-0.00264418250370899,-0.000546461273291879
2.1,-0.00229932083873604,-0.00125901560895186
2.175,-0.00194066179830552,-0.00194461937069207
2.25,-0.00157421174910653,-0.00242977812320814
2.325,-0.00120544778570537,-0.00258065657891573
2.4,-0.000839109750968717,-0.00233044626572202
2.475,-0.000479007245954995,-0.00169320098713913
2.55,-0.000127989449003863,-0.00076148107089445
2.625,0.000212124947817549,0.00031192383610259
2.7,0.000540437842274685,0.00134436686170188
2.775,0.000856881163724079,0.00215971911861734
2.85,0.00116202464448048,0.00262391534064966
2.925,0.0014568491995807,0.00267164381397727
3,0.00174248742484319,0.00231975333943517
3.075,0.00202001530907327,0.00166415084418286
3.15,0.00229016439901058,0.000860833486660781
3.225,0.00255314051370213,9.49378114845881e-05
3.3,0.00280845611482688,-0.000456133860139146
3.375,0.00305484099321046,-0.000658122263066125
3.45,0.00329017430288146,-0.000446846064070787
3.525,0.00351152748890319,0.000158782122847508
3.6,0.00371525966586949,0.00106021394100174
3.675,0.00389717439548201,0.00209853720505887
3.75,0.00405273623685253,0.00308572434199502
3.825,0.00417728123560623,0.00384161485032427
3.9,0.00426634288220842,0.00422937593590521
3.975,0.00431584815536174,0.00418220219549941
4.05,0.00432243315950955,0.0037161900140031
4.125,0.00428366486762855,0.00292667252192476
4.2,0.00419818380047835,0.00196880113811374
4.275,0.00406586754688251,0.00102639086342951
4.35,0.00388785431145373,0.000275112247484909
4.425,0.00366654067328177,-0.000152480840620795
4.5,0.00340554429251905,-0.000193119134904027
4.575,0.00310942339921372,0.000134835861586763
4.65,0.00278365133255097,0.000735775282050254
4.725,0.00243410349425203,0.00145634017291396
4.8,0.00206715055730458,0.00211712374264109
4.875,0.00168901588826012,0.00254891593954744
4.95,0.00130571254927693,0.00262746100877714
5.025,0.000922680455886053,0.00229886481437411
5.1,0.000544785670798028,0.00159119287857925
5.175,0.000175797908449838,0.00060900309619379
5.25,-0.000181314184161488,-0.000486699648812453
5.325,-0.000524573929528929,-0.0015106002854427
5.4,-0.0008529958781704,-0.0022899421133599
5.475,-0.00116631335635292,-0.00269887628194921
5.55,-0.00146495410556338,-0.00268381191414268
5.625,-0.0017497928681503,-0.00227424104355416
5.7,-0.00202194640902928,-0.0015770955642623
5.775,-0.0022824628513317,-0.000755548179152119
5.85,-0.00253220548135975,3.23345573146391e-06
5.925,-0.00277156643623386,0.000525361982385305
6,-0.00300037183187099,0.000684763787519961
6.075,-0.00321770767675126,0.000428369790545979
6.15,-0.00342192580796285,-0.000213298549894977
6.225,-0.00361061388875847,-0.00113201178193796
6.3,-0.00378067032748787,-0.00216325092220933
6.375,-0.00392845986961928,-0.0031186744334384
6.45,-0.0040499708460198,-0.00382335567915314
6.525,-0.00414103846372276,-0.00415013930855652
6.6,-0.0041975947013946,-0.00404460173348382
6.675,-0.00421588499697514,-0.00353531223121513
6.75,-0.0041928103295496,-0.00272772476870474
6.825,-0.00412600999676441,-0.00178254609459366
6.9,-0.00401417399941634,-0.000883419485941284
6.975,-0.00385710125697192,-0.000199944099281881
7.05,-0.00365578030908686,0.000146266327898668
7.125,-0.00341245529591486,0.000105740122468113
7.2,-0.00313047707902741,-0.000289111942898886
7.275,-0.00281426223365715,-0.000930937708959266
7.35,-0.00246906864391699,-0.00165935954255888
7.425,-0.00210074949260506,-0.00229361488161616
7.5,-0.00171559367815027,-0.00266945921283168
7.575,-0.00131995940443848,-0.00267263117993043
7.65,-0.000920058765905378,-0.00226248496185659
7.725,-0.000521692672171474,-0.00148082350329766
7.8,-0.000130053412868175,-0.000444232786316551
7.875,0.000250465678924223,0.000678645289457729
7.95,0.000616372987932097,0.00170031620309962
8.025,0.000965107289087076,0.0024515166717594
8.1,0.00129507034335693,0.00281483914123645
8.175,0.00160554518100938,0.00274807534462182
8.25,0.00189654101894075,0.00229263201584656
8.325,0.00216856176906325,0.00156530232212871
8.4,0.00242296273426076,0.000735648581428979
8.475,0.00266057461662512,-8.72029628550897e-06
8.55,0.0028826489287657,-0.000498292921855667
8.625,0.00309008742029089,-0.00061580958405395
8.7,0.00328336180241698,-0.000319370099690317
8.775,0.00346238918259209,0.000349264714043434
8.85,0.00362642615845868,0.00127324139163239
8.925,0.00377403086963052,0.00228374433049111
9,0.00390309633579535,0.00319368967989185
9.075,0.00401091114343859,0.00383482176533578
9.15,0.00409430402027149,0.00409101744308332
9.225,0.0041497927093172,0.00392104695950445
9.3,0.00417384991473308,0.00336641584333904
9.375,0.00416303056389443,0.00254248833693627
9.45,0.00411433553357525,0.00161509276115489
9.525,0.00402532462541194,0.000766843781202202
9.6,0.00389437686546239,0.000160361689846572
9.675,0.00372084834596787,-9.44952061892493e-05
9.75,0.00350516989832693,3.72688708672017e-05
9.825,0.00324892006663737,0.000508806568905518
9.9,0.00295479894197524,0.00120090415958374
9.975,0.00262658541794673,0.0019461121066746
10.05,0.0022689943186217,0.00256260520624479
10.125,0.00188751398126099,0.00289106796221265
10.2,0.00148818310268289,0.00282715616656951
10.275,0.00107737791346427,0.00234308939352692
10.35,0.000661510678584266,0.0014939053880882
10.425,0.00024684182014605,0.000407293978162545
10.5,-0.000160825644219556,-0.000741270497198989
10.575,-0.000556264876222877,-0.00176281994223969
10.65,-0.000935071914097158,-0.0024921219081837
10.725,-0.00129368951489975,-0.00282017428526488
10.8,-0.00162953028370849,-0.00271563044736331
10.875,-0.00194072574426719,-0.0022306017661242
10.95,-0.00222696795141654,-0.0014909787092314
11.025,-0.00248832000381259,-0.000670300425841341
11.1,-0.00272495026758484,4.4932530009006e-05
11.175,-0.00293825774083171,0.000491109932125004
11.25,-0.00312961399813785,0.000560960583649334
11.325,-0.00330046164055504,0.00022440381724499
11.4,-0.00345211259934631,-0.000465716138290312
11.475,-0.00358553740276787,-0.00138441017455803
11.55,-0.00370126926033419,-0.0023597644493836
11.625,-0.00379921965122801,-0.00320732376965817
11.7,-0.00387872105526503,-0.00376710245069998
11.775,-0.00393846854903055,-0.00393540123928325
11.85,-0.00397655804703412,-0.00368537618202641
11.925,-0.00399065585551811,-0.00307221080016068
12,-0.00397808134589131,-0.00222170923559861
12.075,-0.00393605386681011,-0.00130484187701531
12.15,-0.00386180585898867,-0.000503096999653384
12.225,-0.0037529150487265,2.80771928806321e-05
12.3,-0.00360745252864987,0.000190778749015246
12.375,-0.00342412399521553,-3.54302583407103e-05
12.45,-0.00320255669970403,-0.000589310546209072
12.525,-0.00294330096871171,-0.00133996441395177
12.6,-0.00264797345344241,-0.00211300734593169
12.675,-0.00231920624921639,-0.0027255210322602
12.75,-0.00196067821456252,-0.00302290987880173
12.825,-0.00157696044034691,-0.00291013521396494
12.9,-0.00117338045104858,-0.00237122749241981
12.975,-0.000755880985486547,-0.00147313923642352
13.05,-0.00033077052459779,-0.000353041232932205
13.125,9.55332642023857e-05,0.000808425133260991
13.2,0.000516662244392318,0.00182226855321212
13.275,0.000926627331443162,0.00252839111530386
13.35,0.00131990689633006,0.00282668172287649
13.425,0.00169174574017893,0.00269651686661547
13.5,0.00203820524321605,0.00220026295853473
13.575,0.00235626513027,0.00147039716636905
13.65,0.00264390823604838,0.000682797335917669
13.725,0.00290004782125971,2.1358698998468e-05
13.8,0.00312449191378983,-0.000358731980236688
13.875,0.00331780070269938,-0.000361995079509703
13.95,0.00348118318458268,2.85115204465159e-05
14.025,0.00361628071088812,0.000748009295549958
14.1,0.0037249720693733,0.00166324375741492
14.175,0.0038091911751368,0.00259945596488893
14.25,0.00387073312400653,0.00337560776816785
14.325,0.00391109464391072,0.00384087045922237
14.4,0.00393131309718489,0.00390495376577328
14.475,0.00393190489352541,0.00355636334557469
14.55,0.00391282953575155,0.00286477969377518
14.625,0.0038734205521862,0.00196706815755648
14.7,0.00381256766032841,0.00103993261845072
14.775,0.00372871549096027,0.000264379918035863
14.85,0.0036200205543837,-0.000210725834718397
14.925,0.00348455801412552,-0.000298630205062375
15,0.00332046938959389,7.59364353101989e-06
